,words,scores
0,covid,1229
1,vaccin,740
2,corona,413
3,peopl,257
4,india,214
5,curfew,181
6,case,174
7,sir,172
8,time,166
9,day,160
10,help,149
11,viru,140
12,coronaviru,136
13,pandem,134
14,wave,127
15,govern,124
16,death,123
17,hospit,122
18,new,117
19,life,112
20,like,111
21,june,111
22,today,104
23,govt,97
24,test,95
25,year,95
26,state,93
27,report,87
28,health,84
29,lockdown,84
30,famili,83
31,follow,79
32,news,78
33,dont,78
34,free,77
35,infect,76
36,work,76
37,updat,74
38,posit,74
39,world,73
40,patient,67
41,fight,65
42,give,65
43,student,63
44,effect,63
45,dose,62
46,countri,62
47,situat,60
48,open,60
49,district,59
50,avail,59
51,till,58
52,live,58
53,singh,58
54,indian,57
55,repli,57
56,remdesivir,57
57,daili,55
58,team,54
59,centr,54
60,lose,54
61,month,53
62,spread,51
63,save,51
64,million,51
65,support,51
66,exam,50
67,night,49
68,milkha,49
69,second,48
70,continu,47
71,home,47
72,school,47
73,start,47
74,safe,46
75,privat,46
76,hope,46
77,cant,45
78,stop,45
79,request,45
80,china,44
81,suffer,44
82,area,44
83,cost,44
84,distribut,44
85,hour,43
86,person,43
87,die,43
88,age,43
89,high,42
90,total,41
91,care,41
92,modi,41
93,war,41
94,plz,41
95,restrict,41
96,end,40
97,look,40
98,far,40
99,drive,40
100,public,40
101,plan,40
102,week,40
103,extend,39
104,worker,39
105,order,39
106,close,39
107,provid,39
108,child,38
109,educ,38
110,busi,38
111,allow,38
112,increas,37
113,control,37
114,problem,37
115,lakh,37
116,oxygen,37
117,complet,36
118,ask,36
119,meet,36
120,citi,36
121,nation,36
122,food,36
123,face,36
124,delhi,36
125,medic,36
126,away,36
127,minist,36
128,great,36
129,variant,35
130,best,35
131,rate,35
132,villag,35
133,man,35
134,thing,35
135,guidelin,34
136,respons,34
137,soon,34
138,activ,34
139,happen,34
140,rule,34
141,common,34
142,drug,34
143,differ,34
144,donat,33
145,stay,33
146,doctor,33
147,relax,33
148,servic,33
149,affect,33
150,mask,33
151,manag,33
152,dear,32
153,sell,32
154,pay,32
155,post,32
156,god,31
157,way,31
158,protect,31
159,juli,31
160,leader,31
161,check,30
162,recov,30
163,battl,30
164,action,30
165,travel,30
166,caus,29
167,appreci,29
168,bjp,29
169,offic,29
170,wife,29
171,jab,28
172,polic,28
173,creat,28
174,bed,28
175,app,28
176,sure,28
177,pass,28
178,center,28
179,market,28
180,father,28
181,human,27
182,record,27
183,cancel,27
184,reduc,27
185,risk,27
186,mumbai,27
187,number,27
188,global,27
189,treatment,27
190,medicin,27
191,issu,27
192,administ,27
193,essenti,26
194,import,26
195,friend,26
196,group,26
197,social,26
198,shop,26
199,success,26
200,detail,26
201,contact,26
202,pakistan,25
203,link,25
204,small,25
205,lead,25
206,kid,25
207,citizen,25
208,delta,24
209,feel,24
210,receiv,24
211,old,24
212,kill,24
213,commun,24
214,kindli,24
215,poor,24
216,reach,24
217,protocol,24
218,demand,24
219,weekend,24
220,money,24
221,warrior,24
222,chang,23
223,job,23
224,concern,23
225,possibl,23
226,visit,23
227,remain,23
228,violat,23
229,relief,23
230,suppli,23
231,gst,23
232,mean,22
233,inform,22
234,releas,22
235,reason,22
236,big,22
237,chines,22
238,relat,22
239,date,22
240,question,22
241,long,22
242,announc,22
243,assam,22
244,parti,22
245,hit,22
246,disappoint,22
247,west,22
248,crore,22
249,video,22
250,understand,22
251,decid,22
252,camp,22
253,step,21
254,watch,21
255,plu,21
256,requir,21
257,bodi,21
258,street,21
259,consid,21
260,price,21
261,lift,21
262,compani,21
263,onlin,21
264,decis,21
265,matter,21
266,better,21
267,societi,21
268,south,20
269,futur,20
270,happi,20
271,system,20
272,that,20
273,insid,20
274,rise,20
275,rich,20
276,bengal,20
277,distanc,20
278,icu,20
279,fear,19
280,loss,19
281,disast,19
282,twitter,19
283,certif,19
284,immun,19
285,kit,19
286,data,19
287,show,19
288,examin,19
289,includ,19
290,wear,19
291,prepar,19
292,rais,19
293,respect,19
294,surpris,19
295,fli,19
296,moon,19
297,organ,18
298,safeti,18
299,economi,18
300,elect,18
301,hand,18
302,fresh,18
303,normal,18
304,love,18
305,share,18
306,current,18
307,administr,18
308,recoveri,18
309,crisi,18
310,employe,18
311,medium,18
312,studi,18
313,difficult,18
314,awar,18
315,woman,18
316,impact,18
317,sad,18
318,prison,18
319,complic,18
320,abl,17
321,growth,17
322,member,17
323,singl,17
324,prevent,17
325,wait,17
326,hai,17
327,covishield,17
328,product,17
329,level,17
330,rememb,17
331,strict,17
332,implement,17
333,volunt,17
334,intern,17
335,place,17
336,entir,17
337,kolkata,17
338,rest,17
339,class,17
340,develop,17
341,bless,17
342,heartfelt,17
343,condol,17
344,singapor,17
345,fall,16
346,measur,16
347,lab,16
348,pradesh,16
349,monday,16
350,shot,16
351,win,16
352,diseas,16
353,kind,16
354,peac,16
355,natur,16
356,true,16
357,popul,16
358,model,16
359,marriag,16
360,actual,16
361,play,16
362,book,16
363,black,16
364,imam,16
365,deliveri,16
366,past,16
367,dist,16
368,real,16
369,polici,16
370,recent,16
371,proud,16
372,sikh,16
373,soul,16
374,mucormycosi,16
375,direct,15
376,train,15
377,arrang,15
378,water,15
379,turn,15
380,power,15
381,ventil,15
382,road,15
383,fulli,15
384,shri,15
385,drop,15
386,phase,15
387,impos,15
388,nasser,15
389,mohammad,15
390,alyemeni,15
391,forget,15
392,ration,15
393,colleg,15
394,tax,15
395,hous,15
396,intensifi,15
397,nirmal,15
398,sop,14
399,call,14
400,facil,14
401,didnt,14
402,one,14
403,stand,14
404,covaxin,14
405,declar,14
406,trial,14
407,improv,14
408,sampl,14
409,author,14
410,suggest,14
411,short,14
412,econom,14
413,mind,14
414,listen,14
415,congress,14
416,punjab,14
417,appoint,14
418,climat,14
419,mahdi,14
420,ramadan,14
421,mental,14
422,held,14
423,bad,13
424,offici,13
425,deadli,13
426,figur,13
427,fund,13
428,origin,13
429,sri,13
430,quarantin,13
431,parent,13
432,fail,13
433,self,13
434,process,13
435,jammu,13
436,mark,13
437,remov,13
438,american,13
439,inject,13
440,tell,13
441,confirm,13
442,find,13
443,organis,13
444,surviv,13
445,slot,13
446,expert,13
447,huge,13
448,miss,13
449,scienc,13
450,fake,13
451,earli,13
452,cdc,13
453,block,13
454,cut,13
455,staff,13
456,car,13
457,gener,13
458,resum,13
459,limit,13
460,paid,13
461,cowin,13
462,refer,13
463,effort,13
464,super,13
465,neg,13
466,emi,13
467,accord,12
468,ensur,12
469,agre,12
470,admit,12
471,hard,12
472,photo,12
473,mother,12
474,answer,12
475,worst,12
476,unit,12
477,east,12
478,behaviour,12
479,enjoy,12
480,event,12
481,charg,12
482,base,12
483,offer,12
484,prime,12
485,channel,12
486,word,12
487,sunday,12
488,period,12
489,tomorrow,12
490,morn,12
491,despit,12
492,shortag,12
493,fee,12
494,contribut,12
495,frontlin,12
496,experi,12
497,rice,12
498,namo,12
499,guid,12
500,usa,12
501,condit,11
502,pray,11
503,nagar,11
504,ill,11
505,there,11
506,congratul,11
507,innoc,11
508,salut,11
509,saturday,11
510,cluster,11
511,hear,11
512,move,11
513,honour,11
514,appropri,11
515,write,11
516,realiti,11
517,instead,11
518,immedi,11
519,capac,11
520,door,11
521,institut,11
522,fine,11
523,lung,11
524,central,11
525,higher,11
526,talk,11
527,regist,11
528,univers,11
529,stupid,11
530,campaign,11
531,aid,11
532,jun,11
533,fill,11
534,ground,11
535,act,11
536,focu,11
537,guy,11
538,duti,11
539,ago,11
540,initi,11
541,procur,11
542,mass,11
543,adult,11
544,role,11
545,brother,11
546,eat,11
547,needi,11
548,sanit,11
549,march,11
550,oil,11
551,bank,11
552,sport,11
553,half,11
554,bangladesh,11
555,incred,11
556,doesnt,10
557,contract,10
558,mutat,10
559,outbreak,10
560,oper,10
561,unlock,10
562,clear,10
563,chennai,10
564,critic,10
565,download,10
566,readi,10
567,low,10
568,husband,10
569,what,10
570,beat,10
571,bulletin,10
572,danger,10
573,billion,10
574,toll,10
575,yesterday,10
576,blood,10
577,guwahati,10
578,couldnt,10
579,major,10
580,icmr,10
581,messag,10
582,card,10
583,serv,10
584,park,10
585,depart,10
586,deal,10
587,april,10
588,wonder,10
589,launch,10
590,unlik,10
591,press,10
592,leadership,10
593,failur,10
594,inspir,10
595,local,10
596,form,10
597,sever,10
598,game,10
599,interest,10
600,youtub,10
601,sprinter,10
602,investig,10
603,olymp,10
604,audit,10
605,notic,9
606,physic,9
607,coffe,9
608,wuhan,9
609,amid,9
610,probe,9
611,destroy,9
612,divis,9
613,kashmir,9
614,fatal,9
615,scientist,9
616,doubt,9
617,damag,9
618,produc,9
619,crowd,9
620,worldwid,9
621,join,9
622,cure,9
623,late,9
624,babi,9
625,break,9
626,preciou,9
627,trust,9
628,light,9
629,regular,9
630,view,9
631,award,9
632,earlier,9
633,thought,9
634,dedic,9
635,highest,9
636,tourist,9
637,near,9
638,collect,9
639,meal,9
640,restaur,9
641,conduct,9
642,surg,9
643,tribal,9
644,attend,9
645,emerg,9
646,vehicl,9
647,maintain,9
648,ignor,9
649,point,9
650,festiv,9
651,involv,9
652,bear,9
653,beauti,9
654,flower,9
655,passport,9
656,extens,9
657,secretari,9
658,sourc,9
659,rip,9
660,malaysia,9
661,key,9
662,sister,9
663,definit,9
664,wish,9
665,shame,9
666,foundat,9
667,tweet,9
668,mata,9
669,captain,9
670,salari,9
671,platform,9
672,nearli,9
673,leak,9
674,orphan,9
675,council,9
676,src,9
677,scam,9
678,sector,8
679,probabl,8
680,hello,8
681,hell,8
682,attack,8
683,financi,8
684,compar,8
685,deep,8
686,lanka,8
687,rtpcr,8
688,novel,8
689,pregnant,8
690,similar,8
691,blame,8
692,cooper,8
693,mistak,8
694,union,8
695,daughter,8
696,read,8
697,ministri,8
698,list,8
699,manufactur,8
700,express,8
701,histori,8
702,firm,8
703,prove,8
704,claim,8
705,destin,8
706,sonu,8
707,labour,8
708,hero,8
709,accept,8
710,air,8
711,court,8
712,challeng,8
713,contain,8
714,tough,8
715,observ,8
716,forc,8
717,export,8
718,victim,8
719,chief,8
720,approv,8
721,metro,8
722,simpl,8
723,enter,8
724,club,8
725,track,8
726,cycl,8
727,document,8
728,wrong,8
729,shall,8
730,enforc,8
731,hundr,8
732,option,8
733,telangana,8
734,youth,8
735,town,8
736,transport,8
737,left,8
738,wont,8
739,avoid,8
740,upto,8
741,larg,8
742,motiv,8
743,excit,8
744,ppl,8
745,ind,8
746,return,8
747,send,8
748,gratitud,8
749,registr,8
750,rahul,8
751,railway,8
752,atleast,8
753,defeat,8
754,kya,8
755,combat,8
756,zoo,8
757,kaur,8
758,pic,8
759,shimla,8
760,ward,8
761,urgent,8
762,serious,8
763,mla,8
764,employ,8
765,quot,8
766,urg,8
767,mandatori,8
768,item,8
769,portal,8
770,strengthen,8
771,dri,8
772,cylind,8
773,tech,8
774,worri,7
775,strong,7
776,statist,7
777,young,7
778,marri,7
779,uttar,7
780,advis,7
781,ambul,7
782,account,7
783,modiji,7
784,law,7
785,wit,7
786,talli,7
787,latest,7
788,handl,7
789,lock,7
790,brand,7
791,search,7
792,proof,7
793,zone,7
794,jampk,7
795,necessari,7
796,click,7
797,hat,7
798,leav,7
799,expect,7
800,anim,7
801,friday,7
802,clinic,7
803,auto,7
804,non,7
805,highli,7
806,result,7
807,expos,7
808,maharashtra,7
809,constitu,7
810,properli,7
811,sorri,7
812,rural,7
813,forest,7
814,pcr,7
815,type,7
816,committe,7
817,add,7
818,goa,7
819,permiss,7
820,fire,7
821,suspend,7
822,decreas,7
823,learn,7
824,monitor,7
825,walk,7
826,appli,7
827,visa,7
828,connect,7
829,movement,7
830,final,7
831,secur,7
832,middl,7
833,biggest,7
834,commit,7
835,oman,7
836,seat,7
837,instruct,7
838,custom,7
839,occup,7
840,separ,7
841,sewa,7
842,imag,7
843,boost,7
844,asap,7
845,research,7
846,version,7
847,schedul,7
848,reveal,7
849,evid,7
850,sindh,7
851,sit,7
852,arm,7
853,fact,7
854,vial,7
855,program,7
856,hesit,7
857,put,7
858,honbl,7
859,doc,7
860,honor,7
861,epidem,7
862,repeat,7
863,littl,7
864,lion,7
865,aap,7
866,opportun,7
867,strategi,7
868,innov,7
869,birthday,7
870,special,7
871,airlin,7
872,shock,7
873,graph,7
874,wake,7
875,era,7
876,whatsapp,7
877,hospitalis,7
878,equip,7
879,financ,7
880,legendari,7
881,spirit,7
882,overcom,7
883,carri,7
884,acknowledg,7
885,uncertainti,7
886,fuel,7
887,max,7
888,knew,7
889,bro,7
890,yearold,7
891,cheat,7
892,dream,6
893,allah,6
894,kanpur,6
895,surat,6
896,found,6
897,fauci,6
898,forward,6
899,undergo,6
900,appear,6
901,sleep,6
902,valuabl,6
903,averag,6
904,earn,6
905,note,6
906,bigger,6
907,goon,6
908,estim,6
909,cours,6
910,bcoz,6
911,discov,6
912,adopt,6
913,mam,6
914,threat,6
915,odisha,6
916,identifi,6
917,construct,6
918,decad,6
919,push,6
920,warn,6
921,flat,6
922,preserv,6
923,chanc,6
924,set,6
925,flood,6
926,templ,6
927,fungu,6
928,log,6
929,doubl,6
930,eye,6
931,thailand,6
932,sustain,6
933,page,6
934,hunger,6
935,joke,6
936,here,6
937,efficaci,6
938,tour,6
939,introduc,6
940,bhi,6
941,delay,6
942,largest,6
943,resid,6
944,owner,6
945,struggl,6
946,broke,6
947,partner,6
948,proper,6
949,candid,6
950,exempt,6
951,build,6
952,norm,6
953,arrest,6
954,outsid,6
955,bombay,6
956,veget,6
957,entri,6
958,stock,6
959,infrastructur,6
960,spike,6
961,function,6
962,havent,6
963,advic,6
964,precaut,6
965,unfortun,6
966,field,6
967,delight,6
968,idiot,6
969,electr,6
970,wast,6
971,grand,6
972,politician,6
973,buy,6
974,onlywhen,6
975,mention,6
976,yadav,6
977,pain,6
978,urban,6
979,predict,6
980,voic,6
981,afford,6
982,helpless,6
983,invit,6
984,gdp,6
985,petrol,6
986,volleybal,6
987,subscrib,6
988,kumar,6
989,welcom,6
990,achiev,6
991,host,6
992,lioness,6
993,expir,6
994,score,6
995,slowli,6
996,ive,6
997,profession,6
998,strain,6
999,steroid,6
1000,reduct,6
1001,septemb,6
1002,sale,6
1003,gujarat,6
1004,chadwick,6
1005,postcovid,6
1006,river,6
1007,interview,6
1008,concentr,6
1009,anymor,6
1010,sign,6
1011,absolut,6
1012,badli,6
1013,zeeshan,6
1014,mamata,6
1015,banerje,6
1016,snapshot,6
1017,relev,6
1018,session,5
1019,bardoli,5
1020,pfizer,5
1021,terrorist,5
1022,especi,5
1023,board,5
1024,scar,5
1025,yogi,5
1026,cover,5
1027,muslim,5
1028,vote,5
1029,fuck,5
1030,defens,5
1031,unabl,5
1032,heavi,5
1033,head,5
1034,mulund,5
1035,explain,5
1036,anti,5
1037,statu,5
1038,hold,5
1039,ralli,5
1040,earth,5
1041,exist,5
1042,lowest,5
1043,environ,5
1044,space,5
1045,recognis,5
1046,respiratori,5
1047,kept,5
1048,lower,5
1049,breath,5
1050,ahead,5
1051,cleanli,5
1052,stori,5
1053,budget,5
1054,controversi,5
1055,goi,5
1056,legend,5
1057,sputnik,5
1058,bapu,5
1059,armi,5
1060,taiwan,5
1061,mount,5
1062,manipul,5
1063,count,5
1064,lac,5
1065,pvt,5
1066,sood,5
1067,healthcar,5
1068,illeg,5
1069,stat,5
1070,equal,5
1071,realis,5
1072,project,5
1073,amaz,5
1074,task,5
1075,curevac,5
1076,ratio,5
1077,cross,5
1078,partial,5
1079,slow,5
1080,poison,5
1081,culprit,5
1082,present,5
1083,asia,5
1084,minut,5
1085,postpon,5
1086,advisori,5
1087,junta,5
1088,baramulla,5
1089,celebr,5
1090,moment,5
1091,told,5
1092,pictur,5
1093,victori,5
1094,bottl,5
1095,beach,5
1096,min,5
1097,gym,5
1098,wise,5
1099,reject,5
1100,applic,5
1101,incom,5
1102,movi,5
1103,confus,5
1104,airport,5
1105,rent,5
1106,longer,5
1107,withdrew,5
1108,discuss,5
1109,north,5
1110,cabinet,5
1111,apart,5
1112,suddenli,5
1113,mission,5
1114,polio,5
1115,sinovac,5
1116,attempt,5
1117,seal,5
1118,vulner,5
1119,catch,5
1120,main,5
1121,sacrific,5
1122,guidanc,5
1123,individu,5
1124,bangalor,5
1125,consult,5
1126,symptom,5
1127,knowledg,5
1128,access,5
1129,truth,5
1130,offlin,5
1131,dread,5
1132,engin,5
1133,madam,5
1134,humbl,5
1135,treat,5
1136,name,5
1137,deserv,5
1138,dad,5
1139,weak,5
1140,polit,5
1141,gandhi,5
1142,grow,5
1143,dmk,5
1144,bill,5
1145,virtual,5
1146,zealand,5
1147,tree,5
1148,tamil,5
1149,necess,5
1150,bail,5
1151,chandigarh,5
1152,teacher,5
1153,loan,5
1154,son,5
1155,heaven,5
1156,refresh,5
1157,peak,5
1158,particip,5
1159,assist,5
1160,frustrat,5
1161,strawberri,5
1162,career,5
1163,stress,5
1164,isnt,5
1165,wors,5
1166,solv,5
1167,okay,5
1168,output,5
1169,workforc,5
1170,fort,5
1171,detrick,5
1172,everyday,5
1173,batch,5
1174,your,5
1175,brief,5
1176,technic,5
1177,poverti,5
1178,agenc,5
1179,curb,5
1180,promot,5
1181,amidst,5
1182,bhatia,5
1183,endosurgeri,5
1184,instituteambika,5
1185,ampm,5
1186,fan,5
1187,aspir,5
1188,mco,5
1189,broadcast,5
1190,highlight,5
1191,karachi,5
1192,sing,5
1193,disabl,5
1194,procedur,5
1195,thousand,5
1196,crimin,5
1197,godavari,5
1198,distrct,5
1199,tuesday,5
1200,hrct,5
1201,mosqu,4
1202,tourism,4
1203,alert,4
1204,part,4
1205,biolog,4
1206,excel,4
1207,tward,4
1208,ban,4
1209,attach,4
1210,benefit,4
1211,gestur,4
1212,accolad,4
1213,chd,4
1214,ramcharan,4
1215,yuvashakthi,4
1216,srikakulam,4
1217,prioriti,4
1218,indoor,4
1219,sick,4
1220,heat,4
1221,drink,4
1222,feed,4
1223,aftermath,4
1224,cultur,4
1225,mandir,4
1226,disciplin,4
1227,practic,4
1228,chi,4
1229,minh,4
1230,foreign,4
1231,perform,4
1232,marathi,4
1233,begin,4
1234,weapon,4
1235,dept,4
1236,setup,4
1237,plant,4
1238,tank,4
1239,expens,4
1240,tribut,4
1241,monsoon,4
1242,donor,4
1243,enabl,4
1244,wall,4
1245,biden,4
1246,presenc,4
1247,hurt,4
1248,ocean,4
1249,match,4
1250,gold,4
1251,bharat,4
1252,plantat,4
1253,helplin,4
1254,mobil,4
1255,refus,4
1256,europ,4
1257,describ,4
1258,compens,4
1259,spend,4
1260,astrazeneca,4
1261,race,4
1262,behavior,4
1263,opinion,4
1264,chairman,4
1265,worth,4
1266,disgust,4
1267,driver,4
1268,profess,4
1269,kangyidaunt,4
1270,permit,4
1271,shouldnt,4
1272,station,4
1273,rid,4
1274,hyderabad,4
1275,weve,4
1276,everytim,4
1277,inspit,4
1278,hotel,4
1279,minimum,4
1280,gather,4
1281,careless,4
1282,protest,4
1283,beneficiari,4
1284,address,4
1285,personnel,4
1286,logic,4
1287,shopian,4
1288,ganderb,4
1289,bandipora,4
1290,samba,4
1291,kathua,4
1292,reasi,4
1293,udhampur,4
1294,strictli,4
1295,devast,4
1296,suprem,4
1297,depend,4
1298,weather,4
1299,garden,4
1300,commenc,4
1301,imagin,4
1302,fun,4
1303,back,4
1304,jay,4
1305,circl,4
1306,tackl,4
1307,await,4
1308,digit,4
1309,waiver,4
1310,consum,4
1311,pharma,4
1312,extrem,4
1313,hon,4
1314,believ,4
1315,suffici,4
1316,complaint,4
1317,invent,4
1318,corrupt,4
1319,patent,4
1320,interact,4
1321,journalist,4
1322,nmmc,4
1323,phc,4
1324,nurs,4
1325,liber,4
1326,surplu,4
1327,info,4
1328,experienc,4
1329,sound,4
1330,murder,4
1331,diy,4
1332,encourag,4
1333,academ,4
1334,kaam,4
1335,demis,4
1336,sanction,4
1337,sum,4
1338,afraid,4
1339,tire,4
1340,alhocol,4
1341,sensit,4
1342,penalti,4
1343,sky,4
1344,presid,4
1345,jail,4
1346,nadu,4
1347,purpos,4
1348,attent,4
1349,opposit,4
1350,unbeliev,4
1351,viral,4
1352,disturb,4
1353,coronahi,4
1354,infectedfrom,4
1355,laksplz,4
1356,cont,4
1357,amountplzsir,4
1358,smile,4
1359,nehru,4
1360,ticket,4
1361,steal,4
1362,guru,4
1363,flight,4
1364,progress,4
1365,passeng,4
1366,troubl,4
1367,memori,4
1368,provinc,4
1369,novemb,4
1370,bio,4
1371,america,4
1372,centuri,4
1373,arriv,4
1374,publish,4
1375,fudg,4
1376,coordin,4
1377,ecmo,4
1378,rail,4
1379,more,4
1380,stood,4
1381,moratorium,4
1382,waiv,4
1383,rotari,4
1384,guest,4
1385,deni,4
1386,smt,4
1387,pmo,4
1388,struck,4
1389,summit,4
1390,immens,4
1391,winner,4
1392,seek,4
1393,confid,4
1394,scheme,4
1395,convict,4
1396,willpow,4
1397,strive,4
1398,apathi,4
1399,awa,4
1400,wid,4
1401,star,4
1402,inflat,4
1403,discharg,4
1404,vihar,4
1405,thankyou,4
1406,buat,4
1407,saringan,4
1408,ppum,4
1409,shit,4
1410,mileston,4
1411,white,4
1412,laxmi,4
1413,dma,4
1414,upload,4
1415,rampant,4
1416,audienc,4
1417,slp,4
1418,raksha,4
1419,karbi,4
1420,anglong,4
1421,iran,4
1422,lord,4
1423,handmad,4
1424,tomorow,4
1425,ghost,4
1426,corpor,4
1427,previou,4
1428,sushant,4
1429,justic,4
1430,raghav,4
1431,chadha,4
1432,upper,4
1433,chitral,4
1434,superhero,4
1435,wagholi,4
1436,confer,4
1437,truli,4
1438,himach,4
1439,method,4
1440,abt,4
1441,lightli,4
1442,reflect,4
1443,kuwait,4
1444,regardless,4
1445,advisor,4
1446,faizal,4
1447,anwar,4
1448,gmch,4
1449,occur,4
1450,mega,4
1451,throw,4
1452,antivir,4
1453,bondhucholngo,4
1454,amphotericin,4
1455,caution,4
1456,siddiqui,4
1457,zinc,4
1458,supplementscorpor,4
1459,mint,4
1460,millionsgovt,4
1461,rtiobvious,4
1462,mechan,4
1463,unclear,4
1464,assur,4
1465,mussoori,4
1466,manali,4
1467,overtak,4
1468,underprivileg,4
1469,tagor,4
1470,cardiac,4
1471,irrepar,4
1472,dheeraj,4
1473,provision,4
1474,dengu,4
1475,span,4
1476,athlet,4
1477,bhaag,4
1478,tournament,4
1479,tracker,4
1480,owaisi,4
1481,hardship,4
1482,cook,4
1483,sundarban,4
1484,kakdwip,4
1485,yash,4
1486,cyclon,4
1487,mukul,4
1488,roy,4
1489,paper,4
1490,nuclear,4
1491,madhyamik,4
1492,covax,4
1493,duliajan,4
1494,rohingya,4
1495,worship,3
1496,visitor,3
1497,newli,3
1498,hot,3
1499,pathet,3
1500,heart,3
1501,men,3
1502,red,3
1503,accid,3
1504,flipkart,3
1505,refund,3
1506,catastroph,3
1507,antibodi,3
1508,children,3
1509,fool,3
1510,iam,3
1511,homeless,3
1512,conserv,3
1513,transmit,3
1514,tragedi,3
1515,sent,3
1516,obvious,3
1517,incompet,3
1518,planet,3
1519,target,3
1520,booster,3
1521,malaria,3
1522,inth,3
1523,island,3
1524,associ,3
1525,thursday,3
1526,padma,3
1527,creativ,3
1528,sant,3
1529,asharamji,3
1530,inhuman,3
1531,command,3
1532,extra,3
1533,welfar,3
1534,kerala,3
1535,kejriw,3
1536,inspect,3
1537,threaten,3
1538,singleday,3
1539,tnc,3
1540,rickshaw,3
1541,bihar,3
1542,qualiti,3
1543,holiday,3
1544,declin,3
1545,fruit,3
1546,cite,3
1547,asha,3
1548,queue,3
1549,hill,3
1550,journal,3
1551,contagi,3
1552,guidelinessop,3
1553,kulgam,3
1554,masksdefi,3
1555,holi,3
1556,ladi,3
1557,ruin,3
1558,error,3
1559,promis,3
1560,tea,3
1561,expo,3
1562,lahor,3
1563,gap,3
1564,pendam,3
1565,valley,3
1566,gilgit,3
1567,approach,3
1568,resort,3
1569,propaganda,3
1570,collabor,3
1571,bore,3
1572,refuge,3
1573,workout,3
1574,interv,3
1575,abu,3
1576,dhabi,3
1577,religion,3
1578,aim,3
1579,simpli,3
1580,gilgitbaltistan,3
1581,rapid,3
1582,green,3
1583,australia,3
1584,region,3
1585,kuch,3
1586,nahi,3
1587,eid,3
1588,shield,3
1589,programm,3
1590,pandam,3
1591,abduct,3
1592,suspicion,3
1593,blaze,3
1594,detain,3
1595,entranc,3
1596,wednesday,3
1597,execut,3
1598,oclock,3
1599,frequent,3
1600,vendor,3
1601,liter,3
1602,locat,3
1603,kendra,3
1604,scream,3
1605,riot,3
1606,stamp,3
1607,meerut,3
1608,jaipur,3
1609,certain,3
1610,bar,3
1611,purchas,3
1612,bengaluru,3
1613,bring,3
1614,keep,3
1615,touch,3
1616,flaunt,3
1617,metropolitan,3
1618,coop,3
1619,silchar,3
1620,roam,3
1621,usual,3
1622,withdraw,3
1623,panel,3
1624,resourc,3
1625,felt,3
1626,madhapur,3
1627,appeal,3
1628,wilson,3
1629,submit,3
1630,freedom,3
1631,cast,3
1632,asham,3
1633,brutal,3
1634,finish,3
1635,drastic,3
1636,shopkeep,3
1637,prevail,3
1638,easier,3
1639,print,3
1640,player,3
1641,cricket,3
1642,heard,3
1643,elderli,3
1644,moder,3
1645,profit,3
1646,chc,3
1647,wtf,3
1648,elitist,3
1649,crapbag,3
1650,alcohol,3
1651,ubiquit,3
1652,periyar,3
1653,select,3
1654,tower,3
1655,admin,3
1656,basi,3
1657,headach,3
1658,alloc,3
1659,kena,3
1660,sec,3
1661,vashi,3
1662,jorhat,3
1663,impress,3
1664,paramed,3
1665,directli,3
1666,induc,3
1667,standard,3
1668,spent,3
1669,sincer,3
1670,femal,3
1671,asymptomat,3
1672,unfair,3
1673,guarante,3
1674,fast,3
1675,choos,3
1676,pune,3
1677,quiz,3
1678,hub,3
1679,neet,3
1680,tag,3
1681,loot,3
1682,rel,3
1683,gem,3
1684,iit,3
1685,packag,3
1686,perman,3
1687,forev,3
1688,bokaro,3
1689,distt,3
1690,hlo,3
1691,abvp,3
1692,basic,3
1693,thier,3
1694,desir,3
1695,skip,3
1696,pendem,3
1697,correct,3
1698,vlo,3
1699,admiss,3
1700,stuff,3
1701,david,3
1702,well,3
1703,neem,3
1704,pratapgarh,3
1705,shameless,3
1706,gon,3
1707,reserv,3
1708,quick,3
1709,spot,3
1710,diesel,3
1711,edibl,3
1712,dari,3
1713,speedi,3
1714,caught,3
1715,coach,3
1716,haryana,3
1717,silent,3
1718,foodour,3
1719,rush,3
1720,ssr,3
1721,croni,3
1722,gift,3
1723,stage,3
1724,rain,3
1725,yuva,3
1726,karma,3
1727,factori,3
1728,firmli,3
1729,hike,3
1730,dare,3
1731,saddest,3
1732,colleagu,3
1733,adher,3
1734,brown,3
1735,boil,3
1736,dubai,3
1737,brilliant,3
1738,season,3
1739,comorbid,3
1740,neglect,3
1741,specialis,3
1742,nle,3
1743,modul,3
1744,cme,3
1745,bye,3
1746,nowaday,3
1747,violent,3
1748,civil,3
1749,gprix,3
1750,formula,3
1751,prix,3
1752,row,3
1753,trend,3
1754,moderna,3
1755,english,3
1756,actor,3
1757,disrupt,3
1758,potenti,3
1759,arent,3
1760,hygien,3
1761,inshootingspot,3
1762,manoj,3
1763,kumbh,3
1764,director,3
1765,trillion,3
1766,dip,3
1767,pack,3
1768,section,3
1769,letter,3
1770,therapi,3
1771,prayer,3
1772,mouth,3
1773,influenc,3
1774,fellow,3
1775,clarifi,3
1776,adc,3
1777,shipment,3
1778,nirmala,3
1779,specif,3
1780,faith,3
1781,categori,3
1782,monthlong,3
1783,cmo,3
1784,empow,3
1785,skill,3
1786,credit,3
1787,fastli,3
1788,fewer,3
1789,establish,3
1790,bhai,3
1791,outlin,3
1792,roadmap,3
1793,endem,3
1794,vaccinet,3
1795,alo,3
1796,mail,3
1797,technicalquerycovid,3
1798,belong,3
1799,jharkhand,3
1800,pilot,3
1801,russia,3
1802,uplift,3
1803,multipl,3
1804,speaker,3
1805,featur,3
1806,invok,3
1807,aadharpan,3
1808,varient,3
1809,disco,3
1810,immediatli,3
1811,suchact,3
1812,unpreced,3
1813,difficulti,3
1814,euro,3
1815,tokyo,3
1816,elig,3
1817,convinc,3
1818,brought,3
1819,gen,3
1820,finger,3
1821,prior,3
1822,atm,3
1823,bought,3
1824,naam,3
1825,luxuri,3
1826,studio,3
1827,quickli,3
1828,facilit,3
1829,ref,3
1830,realiz,3
1831,balochistan,3
1832,satisfi,3
1833,onset,3
1834,scale,3
1835,ncoc,3
1836,provinci,3
1837,kpk,3
1838,shandur,3
1839,polo,3
1840,repost,3
1841,swab,3
1842,icai,3
1843,dnt,3
1844,similarli,3
1845,discrimin,3
1846,csr,3
1847,metr,3
1848,rome,3
1849,reschedul,3
1850,seaview,3
1851,closur,3
1852,yoga,3
1853,pretti,3
1854,uae,3
1855,rupe,3
1856,radic,3
1857,baisakhi,3
1858,older,3
1859,gain,3
1860,perfect,3
1861,strength,3
1862,jehanabad,3
1863,rjd,3
1864,entrepreneur,3
1865,maximum,3
1866,elder,3
1867,jeddah,3
1868,stakehold,3
1869,andhra,3
1870,repres,3
1871,reluct,3
1872,alleg,3
1873,ppe,3
1874,due,3
1875,miot,3
1876,diamond,3
1877,pmcare,3
1878,gangster,3
1879,coviself,3
1880,pager,3
1881,sudden,3
1882,secondari,3
1883,lancet,3
1884,competit,3
1885,examal,3
1886,ichhapur,3
1887,nodal,3
1888,inj,3
1889,tocilizumab,3
1890,constant,3
1891,pulmonari,3
1892,rhinocerebr,3
1893,glucocorticoid,3
1894,benefici,3
1895,hide,3
1896,goodby,2
1897,theyr,2
1898,beta,2
1899,dead,2
1900,aliv,2
1901,magzin,2
1902,exampl,2
1903,secular,2
1904,biontech,2
1905,inflamm,2
1906,gautam,2
1907,buddha,2
1908,met,2
1909,fighter,2
1910,failer,2
1911,torcher,2
1912,hindu,2
1913,examine,2
1914,gang,2
1915,hug,2
1916,ramp,2
1917,micro,2
1918,lbow,2
1919,rigidli,2
1920,user,2
1921,privaci,2
1922,antigen,2
1923,pureprana,2
1924,exceed,2
1925,tick,2
1926,email,2
1927,exactli,2
1928,flu,2
1929,ruler,2
1930,farmer,2
1931,havoc,2
1932,unleash,2
1933,biodivers,2
1934,brain,2
1935,idol,2
1936,clean,2
1937,transmiss,2
1938,pre,2
1939,byrajendran,2
1940,ple,2
1941,born,2
1942,zero,2
1943,snatch,2
1944,copyright,2
1945,feder,2
1946,capit,2
1947,internet,2
1948,foot,2
1949,phonepegpay,2
1950,draft,2
1951,chain,2
1952,moral,2
1953,aad,2
1954,palan,2
1955,jalpal,2
1956,maker,2
1957,straight,2
1958,saw,2
1959,upcom,2
1960,sultana,2
1961,bioweapon,2
1962,modern,2
1963,box,2
1964,dingko,2
1965,liver,2
1966,shanti,2
1967,cap,2
1968,saigon,2
1969,detect,2
1970,earliest,2
1971,horror,2
1972,invinc,2
1973,web,2
1974,hong,2
1975,kong,2
1976,communist,2
1977,bread,2
1978,pradhan,2
1979,jump,2
1980,storag,2
1981,youngster,2
1982,deliv,2
1983,instal,2
1984,carrier,2
1985,divin,2
1986,significantli,2
1987,residenti,2
1988,taker,2
1989,regul,2
1990,remind,2
1991,workersif,2
1992,willther,2
1993,evict,2
1994,shut,2
1995,rebuild,2
1996,feminin,2
1997,retir,2
1998,hollow,2
1999,hue,2
2000,ramdev,2
2001,eas,2
2002,freeli,2
2003,sooner,2
2004,swiss,2
2005,gurgaon,2
2006,inocul,2
2007,percent,2
2008,endless,2
2009,remot,2
2010,kari,2
2011,andhbhakt,2
2012,duri,2
2013,bhut,2
2014,zaruri,2
2015,avg,2
2016,mix,2
2017,longest,2
2018,hardest,2
2019,hiit,2
2020,mashallah,2
2021,alhamdullilah,2
2022,stadium,2
2023,consumer,2
2024,illus,2
2025,circul,2
2026,allegedli,2
2027,spreader,2
2028,august,2
2029,raw,2
2030,dollar,2
2031,combin,2
2032,affair,2
2033,rama,2
2034,khunjerab,2
2035,domest,2
2036,swear,2
2037,kay,2
2038,aur,2
2039,kar,2
2040,minor,2
2041,boast,2
2042,bit,2
2043,slum,2
2044,quarter,2
2045,hop,2
2046,bicycl,2
2047,advantag,2
2048,naka,2
2049,thi,2
2050,lockdowncurfew,2
2051,websit,2
2052,compliant,2
2053,taxi,2
2054,iocl,2
2055,shalimar,2
2056,lakhimpur,2
2057,ghazipur,2
2058,jaunpur,2
2059,onward,2
2060,sahab,2
2061,nyc,2
2062,harass,2
2063,renew,2
2064,reliev,2
2065,municip,2
2066,uttarakhand,2
2067,livelihood,2
2068,africa,2
2069,guess,2
2070,sena,2
2071,hostel,2
2072,restur,2
2073,takeaway,2
2074,interdistrict,2
2075,cop,2
2076,groceri,2
2077,wide,2
2078,commerci,2
2079,hain,2
2080,militari,2
2081,sfc,2
2082,ccc,2
2083,trip,2
2084,odd,2
2085,visakhapatnam,2
2086,vizag,2
2087,circumst,2
2088,suppos,2
2089,alarm,2
2090,reckless,2
2091,textil,2
2092,sun,2
2093,scientif,2
2094,heed,2
2095,inter,2
2096,vigil,2
2097,kamrup,2
2098,gradual,2
2099,submiss,2
2100,kia,2
2101,kalain,2
2102,outdoor,2
2103,analysi,2
2104,reli,2
2105,policeman,2
2106,liquor,2
2107,plea,2
2108,terribl,2
2109,ongo,2
2110,luck,2
2111,telecast,2
2112,sens,2
2113,serial,2
2114,chair,2
2115,siem,2
2116,reap,2
2117,comment,2
2118,later,2
2119,oya,2
2120,senior,2
2121,consciou,2
2122,idea,2
2123,mrna,2
2124,fortun,2
2125,penn,2
2126,lie,2
2127,dude,2
2128,insur,2
2129,properti,2
2130,aapki,2
2131,techniqu,2
2132,galat,2
2133,mayb,2
2134,panchayat,2
2135,jatani,2
2136,materi,2
2137,mode,2
2138,bal,2
2139,shikshan,2
2140,payer,2
2141,centralis,2
2142,typic,2
2143,mva,2
2144,cnic,2
2145,secondli,2
2146,fed,2
2147,canada,2
2148,preprepar,2
2149,syrinx,2
2150,kingdom,2
2151,hoga,2
2152,genuin,2
2153,miracl,2
2154,perfectli,2
2155,vacat,2
2156,sinha,2
2157,creation,2
2158,esp,2
2159,orang,2
2160,mysejahtera,2
2161,tak,2
2162,ada,2
2163,aku,2
2164,variabl,2
2165,jumbo,2
2166,primari,2
2167,nois,2
2168,serum,2
2169,trigger,2
2170,reliabl,2
2171,music,2
2172,inr,2
2173,nam,2
2174,tablet,2
2175,net,2
2176,commend,2
2177,breakthrough,2
2178,cvc,2
2179,openli,2
2180,display,2
2181,etern,2
2182,fought,2
2183,wipe,2
2184,covaccin,2
2185,guidlin,2
2186,yard,2
2187,bhubaneswar,2
2188,champ,2
2189,pride,2
2190,plss,2
2191,worrier,2
2192,tamilnadu,2
2193,clinicwhen,2
2194,engag,2
2195,cloud,2
2196,airf,2
2197,hashtag,2
2198,muscular,2
2199,pro,2
2200,inf,2
2201,actv,2
2202,indiabut,2
2203,junior,2
2204,upgrad,2
2205,tremend,2
2206,healthi,2
2207,yeh,2
2208,deliber,2
2209,superpow,2
2210,tougher,2
2211,fraudul,2
2212,stabl,2
2213,puducherri,2
2214,advers,2
2215,explan,2
2216,byvrr,2
2217,tar,2
2218,amora,2
2219,kore,2
2220,dibo,2
2221,tho,2
2222,niya,2
2223,kotha,2
2224,fix,2
2225,convey,2
2226,hasnt,2
2227,excus,2
2228,electron,2
2229,rslakh,2
2230,pilgrimag,2
2231,talukdar,2
2232,anna,2
2233,diabet,2
2234,lol,2
2235,sharma,2
2236,articl,2
2237,inmat,2
2238,regret,2
2239,rac,2
2240,pgimer,2
2241,divert,2
2242,teach,2
2243,toh,2
2244,lucki,2
2245,nhi,2
2246,tarini,2
2247,slumbbsrdu,2
2248,chequ,2
2249,soldier,2
2250,irrespons,2
2251,concept,2
2252,patna,2
2253,manipur,2
2254,pvgr,2
2255,sapl,2
2256,dirti,2
2257,lake,2
2258,slogan,2
2259,untouch,2
2260,land,2
2261,learnt,2
2262,lesson,2
2263,economist,2
2264,ravi,2
2265,bust,2
2266,trader,2
2267,duplic,2
2268,ginger,2
2269,subdivis,2
2270,benifit,2
2271,talent,2
2272,consider,2
2273,cancl,2
2274,kro,2
2275,brave,2
2276,neighbor,2
2277,wed,2
2278,demonstr,2
2279,vestig,2
2280,ambassador,2
2281,wow,2
2282,legal,2
2283,rajasthan,2
2284,uddhav,2
2285,thackeray,2
2286,evalu,2
2287,restart,2
2288,germin,2
2289,shah,2
2290,sannipataj,2
2291,haunt,2
2292,cremat,2
2293,pblm,2
2294,worsen,2
2295,fastest,2
2296,madhya,2
2297,karaok,2
2298,loung,2
2299,allerg,2
2300,pfizerbiontech,2
2301,reimburs,2
2302,trick,2
2303,rumor,2
2304,maldiv,2
2305,palestin,2
2306,temperatur,2
2307,tabl,2
2308,round,2
2309,graduat,2
2310,comprehens,2
2311,webinar,2
2312,dialogu,2
2313,morocco,2
2314,transplant,2
2315,pharmaci,2
2316,abroad,2
2317,singer,2
2318,jago,2
2319,technolog,2
2320,hdfc,2
2321,brt,2
2322,commut,2
2323,normalci,2
2324,goosebump,2
2325,wash,2
2326,strongest,2
2327,supermarket,2
2328,hind,2
2329,nft,2
2330,worthi,2
2331,pali,2
2332,bandra,2
2333,awaken,2
2334,pmam,2
2335,legaci,2
2336,valneva,2
2337,recruit,2
2338,inactiv,2
2339,sticker,2
2340,guangzhou,2
2341,translat,2
2342,speech,2
2343,thaimad,2
2344,coverag,2
2345,crime,2
2346,ite,2
2347,afp,2
2348,rawalpindi,2
2349,waseem,2
2350,riaz,2
2351,malik,2
2352,seminar,2
2353,onpsycholog,2
2354,mpa,2
2355,umar,2
2356,butt,2
2357,khuch,2
2358,kahe,2
2359,gelogon,2
2360,kaa,2
2361,kahnaajittin,2
2362,aai,2
2363,yaa,2
2364,nittinlekin,2
2365,rull,2
2366,donald,2
2367,trump,2
2368,presidencyknow,2
2369,nextkeep,2
2370,jampj,2
2371,prepared,2
2372,preval,2
2373,overal,2
2374,tamilsayi,2
2375,soundrya,2
2376,rajan,2
2377,drugsamp,2
2378,mohfw,2
2379,finminindia,2
2380,hmo,2
2381,comedian,2
2382,sithram,2
2383,tahniah,2
2384,johnson,2
2385,manju,2
2386,gupta,2
2387,pton,2
2388,niv,2
2389,intermitt,2
2390,spo,2
2391,litr,2
2392,supportrequir,2
2393,urolog,2
2394,cardiolog,2
2395,deptwith,2
2396,wasnt,2
2397,pple,2
2398,heal,2
2399,breakup,2
2400,aug,2
2401,sep,2
2402,mmu,2
2403,tepi,2
2404,mte,2
2405,khairi,2
2406,commonwealth,2
2407,champion,2
2408,crown,2
2409,asian,2
2410,gunpoint,2
2411,shitspleas,2
2412,tension,2
2413,bukit,2
2414,merah,2
2415,chaotic,2
2416,societyenviron,2
2417,facemask,2
2418,sporad,2
2419,lagi,2
2420,reform,2
2421,incentivesmi,2
2422,centrest,2
2423,bhagidari,2
2424,porpos,2
2425,exm,2
2426,tking,2
2427,demslv,2
2428,reinfectd,2
2429,othr,2
2430,bacteri,2
2431,cnsult,2
2432,gud,2
2433,sch,2
2434,myanmar,2
2435,border,2
2436,joint,2
2437,tothen,2
2438,ydaytot,2
2439,ampact,2
2440,cautiou,2
2441,superior,2
2442,pure,2
2443,solut,2
2444,pakistani,2
2445,serdindia,2
2446,signific,2
2447,loud,2
2448,compulsori,2
2449,frame,2
2450,goal,2
2451,ray,2
2452,shein,2
2453,siapa,2
2454,pernah,2
2455,utk,2
2456,haha,2
2457,belliev,2
2458,aandh,2
2459,vishwa,2
2460,infovax,2
2461,prolong,2
2462,cheer,2
2463,damn,2
2464,strike,2
2465,gulbarga,2
2466,bam,2
2467,gugel,2
2468,discolor,2
2469,yang,2
2470,baru,2
2471,britain,2
2472,beserah,2
2473,padem,2
2474,pickup,2
2475,truck,2
2476,chariti,2
2477,sleepless,2
2478,suresh,2
2479,thumkunta,2
2480,kalyana,2
2481,pregnanc,2
2482,mandal,2
2483,officeand,2
2484,expar,2
2485,rdo,2
2486,backlash,2
2487,bright,2
2488,setu,2
2489,fog,2
2490,chandanagar,2
2491,spray,2
2492,wheeler,2
2493,outnumb,2
2494,coz,2
2495,tehran,2
2496,trash,2
2497,presindet,2
2498,presidenti,2
2499,consequ,2
2500,coloni,2
2501,raju,2
2502,shetti,2
2503,kuruma,2
2504,petit,2
2505,cbana,2
2506,raha,2
2507,sisodia,2
2508,bola,2
2509,jin,2
2510,tution,2
2511,hua,2
2512,inn,2
2513,kahi,2
2514,chalti,2
2515,dikh,2
2516,gya,2
2517,hiso,2
2518,explos,2
2519,krystal,2
2520,tiger,2
2521,praw,2
2522,shrimp,2
2523,wifi,2
2524,hyd,2
2525,revenuebett,2
2526,prvnc,2
2527,site,2
2528,ima,2
2529,gulf,2
2530,altern,2
2531,entiti,2
2532,llp,2
2533,sedit,2
2534,cent,2
2535,itit,2
2536,baloch,2
2537,twice,2
2538,insulin,2
2539,precautionari,2
2540,unemploy,2
2541,fir,2
2542,covidbut,2
2543,crossroad,2
2544,sebaahsec,2
2545,stole,2
2546,vertic,2
2547,farm,2
2548,network,2
2549,tnunion,2
2550,boon,2
2551,blog,2
2552,bus,2
2553,albek,2
2554,leon,2
2555,grill,2
2556,stuggl,2
2557,outlet,2
2558,mnth,2
2559,husbnd,2
2560,admittd,2
2561,opnd,2
2562,ipl,2
2563,seasonshalf,2
2564,supervis,2
2565,langar,2
2566,thali,2
2567,lunchdinn,2
2568,homemad,2
2569,gurpreet,2
2570,helpdesk,2
2571,seehow,2
2572,spoilt,2
2573,bitcoin,2
2574,buterin,2
2575,doge,2
2576,payday,2
2577,hodler,2
2578,digest,2
2579,darkest,2
2580,pandemi,2
2581,pick,2
2582,sword,2
2583,arzan,2
2584,selfless,2
2585,dignos,2
2586,freelanc,2
2587,nagpur,2
2588,nasal,2
2589,throat,2
2590,theie,2
2591,rupeesy,2
2592,jazz,2
2593,sportsperson,2
2594,lifelin,2
2595,song,2
2596,lil,2
2597,jaan,2
2598,nisaar,2
2599,guardian,2
2600,srinagar,2
2601,ghajini,2
2602,homophob,2
2603,racial,2
2604,slur,2
2605,moga,2
2606,mangkuk,2
2607,dapat,2
2608,now,2
2609,makeshift,2
2610,murshidabad,2
2611,kalyani,2
2612,syndrom,2
2613,raja,2
2614,wearin,2
2615,tonight,2
2616,someon,2
2617,survivor,2
2618,advanc,2
2619,grate,2
2620,hardli,2
2621,psk,2
2622,rider,2
2623,viharnew,2
2624,idaadhar,2
2625,tuhan,2
2626,sub,2
2627,tortur,2
2628,mrsm,2
2629,mate,2
2630,fatihah,2
2631,pub,2
2632,nih,2
2633,jointli,2
2634,laboratori,2
2635,diagnost,2
2636,provicin,2
2637,chest,2
2638,quetta,2
2639,nearest,2
2640,massacr,2
2641,jill,2
2642,cup,2
2643,finland,2
2644,marii,2
2645,deregist,2
2646,unvaccin,2
2647,thai,2
2648,senat,2
2649,referendum,2
2650,taxpay,2
2651,malaysian,2
2652,cosmet,2
2653,rakyat,2
2654,meetup,2
2655,nonetheless,2
2656,drunk,2
2657,gunna,2
2658,mile,2
2659,she,2
2660,pak,2
2661,visvi,2
2662,cloth,2
2663,pantri,2
2664,defenc,2
2665,fraud,2
2666,aunti,2
2667,bean,2
2668,cabbag,2
2669,file,2
2670,cell,2
2671,sort,2
2672,teeth,2
2673,collaps,2
2674,covad,2
2675,colour,2
2676,shuld,2
2677,climb,2
2678,tejashwi,2
2679,radh,2
2680,spoke,2
2681,tent,2
2682,raini,2
2683,pocket,2
2684,shout,2
2685,narayan,2
2686,dash,2
2687,jeypor,2
2688,aasha,2
2689,herbal,2
2690,makeov,2
2691,chairperson,2
2692,khammam,2
2693,nunchi,2
2694,mathram,2
2695,epinchatlydhuplz,2
2696,kastarjitham,2
2697,evandi,2
2698,glad,2
2699,sunset,2
2700,pliz,2
2701,pressur,2
2702,agenda,2
2703,bother,2
2704,dat,2
2705,aarogyasri,2
2706,overwhelm,2
2707,uzbekistan,2
2708,harm,2
2709,loos,2
2710,iphon,2
2711,landmark,2
2712,opd,2
2713,liposom,2
2714,dcgi,2
2715,expiri,2
2716,distributor,2
2717,grain,2
2718,exercis,2
2719,bullet,2
2720,oxyzen,2
2721,hoard,2
2722,goregaon,2
2723,bhiwandi,2
2724,doorstep,2
2725,incrimin,2
2726,lodg,2
2727,phenotyp,2
2728,discourag,2
2729,homebas,2
2730,surgana,2
2731,counsel,2
2732,replic,2
2733,chargesheet,2
2734,burial,2
2735,token,2
2736,mycoveragestori,2
2737,sex,2
2738,sonagachi,2
2739,grind,2
2740,which,2
2741,hoxton,2
2742,nsw,2
2743,empathet,2
2744,marginalis,2
2745,tillotoma,2
2746,rabindranath,2
2747,ani,2
2748,partnership,2
2749,hospitalkolkata,2
2750,narayana,2
2751,streamlin,2
2752,elimin,2
2753,endang,2
2754,earnestli,2
2755,sang,2
2756,loo,2
2757,janatar,2
2758,darbar,2
2759,reles,2
2760,afrer,2
2761,friendstheatr,2
2762,asharam,2
2763,bapuji,2
2764,shape,2
2765,septemberoctob,2
2766,wbjee,2
2767,embassi,2
2768,counselor,2
2769,garbag,2
2770,rubbish,2
2771,retard,2
2772,vlog,2
2773,kvic,2
2774,turnov,2
2775,languag,2
2776,nonutilis,2
2777,eros,2
2778,hazard,2
2779,didi,2
2780,oldest,2
2781,naver,2
2782,consecut,2
2783,sole,2
2784,honorari,2
2785,succumb,2
2786,fondli,2
2787,recognit,2
2788,standout,2
2789,speed,2
2790,viciou,2
2791,denmark,2
2792,belgium,2
2793,undoubtedli,2
2794,steam,2
2795,theke,2
2796,element,2
2797,spoiler,2
2798,shorten,2
2799,summari,2
2800,incl,2
2801,mishandl,2
2802,narendra,2
2803,aloof,2
2804,knowcentr,2
2805,aggreg,2
2806,suchcentr,2
2807,ngo,2
2808,voluntarili,2
2809,wellth,2
2810,restrictionsbut,2
2811,hereso,2
2812,peoplewhi,2
2813,govof,2
2814,bureaucrat,2
2815,design,2
2816,controlthey,2
2817,intervent,2
2818,scinario,2
2819,utterli,2
2820,convers,2
2821,jesuit,2
2822,gear,2
2823,journey,2
2824,forecast,2
2825,laterth,2
2826,reopenedbefor,2
2827,disinfect,2
2828,sputnikv,2
2829,attanirbhar,2
2830,antoni,2
2831,confrenc,2
2832,speak,2
2833,studyexam,2
2834,govtmust,2
2835,wayund,2
2836,acquir,2
2837,icebreak,2
2838,com,2
2839,sibl,2
2840,mohit,2
2841,benu,2
2842,arfa,2
2843,sajadin,2
2844,howrah,2
2845,vicepresid,2
2846,suvendu,2
2847,adhikari,2
2848,undertak,2
2849,conting,2
2850,rope,2
2851,lableak,2
2852,theori,2
2853,uncov,2
2854,smooth,2
2855,asset,2
2856,xii,2
2857,civilian,2
2858,societysincer,2
2859,housewif,2
2860,chldn,2
2861,survivesh,2
2862,smallscal,2
2863,indigo,2
2864,fundrais,2
2865,cadet,2
2866,decentr,2
2867,autonom,2
2868,everyon,2
2869,applaud,2
2870,mca,2
2871,counti,2
2872,third,2
2873,plese,2
2874,uchya,2
2875,constantli,2
2876,fungal,2
2877,dome,2
2878,household,2
2879,shortfal,2
2880,cohost,2
2881,japanes,2
2882,deoxi,2
2883,upendra,2
2884,tomar,2
2885,moradabad,2
2886,nikhil,2
2887,pipelin,2
2888,zerowastag,2
2889,narengi,2
2890,nephew,2
2891,tmc,2
2892,harbour,2
2893,abhishek,2
2894,psa,2
2895,projectsw,2
2896,succeed,2
2897,buddhadeb,2
2898,bhattacharje,2
2899,teknaf,2
2900,ukhiya,2
2901,upazila,2
2902,cox,2
2903,bazar,2
2904,pencil,2
2905,sketch,2
2906,rupam,2
2907,bhattacharya,2
2908,machineri,2
2909,resolut,2
2910,premis,2
2911,psycholog,1
2912,african,1
2913,british,1
2914,alpha,1
2915,retweet,1
2916,root,1
2917,masjid,1
2918,khol,1
2919,dai,1
2920,inshallah,1
2921,glimps,1
2922,millennium,1
2923,naran,1
2924,mansehra,1
2925,ehe,1
2926,how,1
2927,sophist,1
2928,sip,1
2929,guangdong,1
2930,tighten,1
2931,persist,1
2932,israel,1
2933,dozen,1
2934,porkistan,1
2935,patienc,1
2936,modest,1
2937,woo,1
2938,bedridden,1
2939,bcme,1
2940,intent,1
2941,spicejet,1
2942,leaf,1
2943,substanti,1
2944,thembuddi,1
2945,brothersor,1
2946,shack,1
2947,boxer,1
2948,akward,1
2949,documentari,1
2950,obviou,1
2951,revel,1
2952,chinaconsequ,1
2953,dglobe,1
2954,toexplor,1
2955,ofvir,1
2956,pathogen,1
2957,rna,1
2958,ofviru,1
2959,whichi,1
2960,indiffer,1
2961,testimoni,1
2962,usha,1
2963,garu,1
2964,feedback,1
2965,gtgtgt,1
2966,exce,1
2967,avurudu,1
2968,nationalist,1
2969,blue,1
2970,imposs,1
2971,screen,1
2972,pavitra,1
2973,mohan,1
2974,magnanim,1
2975,assert,1
2976,vape,1
2977,youyour,1
2978,bold,1
2979,underestand,1
2980,sirrespect,1
2981,ofcours,1
2982,fowllow,1
2983,slightli,1
2984,absenc,1
2985,coronavirusinduc,1
2986,reclaim,1
2987,airborn,1
2988,fluid,1
2989,censorship,1
2990,ape,1
2991,ved,1
2992,shashtra,1
2993,pissu,1
2994,saviour,1
2995,simplest,1
2996,islamabad,1
2997,territori,1
2998,empathis,1
2999,correctionhop,1
3000,eventhough,1
3001,spoken,1
3002,divya,1
3003,nomad,1
3004,trek,1
3005,forefront,1
3006,communiqu,1
3007,rapidli,1
3008,profil,1
3009,dog,1
3010,coid,1
3011,karyakarta,1
3012,akash,1
3013,hara,1
3014,niyamo,1
3015,karo,1
3016,sqft,1
3017,seper,1
3018,wich,1
3019,muncipalti,1
3020,kothapet,1
3021,wadi,1
3022,juban,1
3023,drainag,1
3024,dingo,1
3025,typhoid,1
3026,thenbc,1
3027,breaker,1
3028,sardar,1
3029,yasir,1
3030,ilya,1
3031,khanpresid,1
3032,icci,1
3033,fiscal,1
3034,lakshadweep,1
3035,sweepg,1
3036,ordersto,1
3037,changeth,1
3038,ident,1
3039,ofth,1
3040,islandtheldweepbas,1
3041,actress,1
3042,aisha,1
3043,parachut,1
3044,makg,1
3045,wild,1
3046,allegatnthat,1
3047,sharda,1
3048,girgaum,1
3049,tool,1
3050,rajouri,1
3051,innumer,1
3052,cancer,1
3053,bout,1
3054,bestow,1
3055,arjuna,1
3056,prefer,1
3057,wadala,1
3058,theatr,1
3059,hindi,1
3060,iter,1
3061,rightli,1
3062,haemoglobin,1
3063,hindutva,1
3064,vadi,1
3065,film,1
3066,anaconda,1
3067,jaw,1
3068,piranha,1
3069,nfect,1
3070,dracula,1
3071,pois,1
3072,arrog,1
3073,lost,1
3074,earner,1
3075,dharmendra,1
3076,chhattisgarh,1
3077,casualti,1
3078,incept,1
3079,ppp,1
3080,arvind,1
3081,siraspur,1
3082,aunt,1
3083,khamar,1
3084,begum,1
3085,swell,1
3086,fate,1
3087,battri,1
3088,specialist,1
3089,pendmic,1
3090,selfconfess,1
3091,aviat,1
3092,geek,1
3093,nik,1
3094,sennhaus,1
3095,recreat,1
3096,inflight,1
3097,gasp,1
3098,pledg,1
3099,poorer,1
3100,blank,1
3101,quran,1
3102,genderneutr,1
3103,saloon,1
3104,fiftysix,1
3105,twentyfour,1
3106,manger,1
3107,scane,1
3108,ildwhich,1
3109,hypersensit,1
3110,tab,1
3111,pirfenex,1
3112,thrice,1
3113,prescrib,1
3114,wellthi,1
3115,graciou,1
3116,samavar,1
3117,godmen,1
3118,mankindbaba,1
3119,remedi,1
3120,pregan,1
3121,topic,1
3122,discard,1
3123,glove,1
3124,thoroughli,1
3125,spellcheck,1
3126,plung,1
3127,mizoram,1
3128,biotech,1
3129,presubmiss,1
3130,thane,1
3131,antiviru,1
3132,systemreboot,1
3133,kyoto,1
3134,ravag,1
3135,crematorium,1
3136,rite,1
3137,maruti,1
3138,suzuki,1
3139,fulltim,1
3140,clue,1
3141,dispatch,1
3142,ranbeer,1
3143,kapoor,1
3144,visibl,1
3145,complianc,1
3146,marketsotherwis,1
3147,disastr,1
3148,sim,1
3149,ayurved,1
3150,octob,1
3151,hunza,1
3152,baltistan,1
3153,passion,1
3154,aiim,1
3155,vox,1
3156,abasc,1
3157,vital,1
3158,jazeera,1
3159,machinari,1
3160,ghaddafi,1
3161,loki,1
3162,environment,1
3163,ethic,1
3164,imbal,1
3165,microbiomess,1
3166,exploit,1
3167,consumpt,1
3168,inida,1
3169,broadli,1
3170,meme,1
3171,joker,1
3172,formvari,1
3173,survey,1
3174,chinacoronaviru,1
3175,intrest,1
3176,museum,1
3177,theme,1
3178,cbi,1
3179,ladakh,1
3180,misunderstand,1
3181,easyest,1
3182,until,1
3183,oppot,1
3184,emot,1
3185,explanatorystat,1
3186,dividion,1
3187,parliamentari,1
3188,enquir,1
3189,aarfaranga,1
3190,sarfaranga,1
3191,crucial,1
3192,addit,1
3193,neverthey,1
3194,ivermectin,1
3195,oral,1
3196,paralyz,1
3197,parasit,1
3198,prof,1
3199,channa,1
3200,jayasumanara,1
3201,sydney,1
3202,perth,1
3203,darwin,1
3204,kiyun,1
3205,ham,1
3206,nay,1
3207,parha,1
3208,agar,1
3209,saktay,1
3210,thora,1
3211,karden,1
3212,virusproof,1
3213,sekar,1
3214,manoharan,1
3215,aeropro,1
3216,kanimozhi,1
3217,handedov,1
3218,stalin,1
3219,rajya,1
3220,sabha,1
3221,cpim,1
3222,panaji,1
3223,moham,1
3224,pasha,1
3225,shareef,1
3226,khokhra,1
3227,maninagar,1
3228,albeit,1
3229,assign,1
3230,consideredw,1
3231,donot,1
3232,skim,1
3233,fairli,1
3234,prestigi,1
3235,subinspector,1
3236,geetanagar,1
3237,lover,1
3238,samaina,1
3239,cyclistsw,1
3240,ride,1
3241,nuwarisu,1
3242,covidcurfew,1
3243,telengana,1
3244,describedhat,1
3245,teampolic,1
3246,sarnal,1
3247,poos,1
3248,ratr,1
3249,sudhi,1
3250,aapi,1
3251,che,1
3252,java,1
3253,dese,1
3254,vagya,1
3255,pachi,1
3256,koi,1
3257,jase,1
3258,escap,1
3259,lockdownther,1
3260,loc,1
3261,nightin,1
3262,sangsom,1
3263,whiskey,1
3264,hangov,1
3265,pal,1
3266,vainguinim,1
3267,dona,1
3268,paul,1
3269,morjim,1
3270,nest,1
3271,oliv,1
3272,ridley,1
3273,turtl,1
3274,alittl,1
3275,challan,1
3276,pli,1
3277,thnk,1
3278,refineri,1
3279,formal,1
3280,environn,1
3281,ltd,1
3282,pollut,1
3283,instrument,1
3284,propos,1
3285,horticultur,1
3286,floriculturist,1
3287,puller,1
3288,dcp,1
3289,ext,1
3290,bholanath,1
3291,khiri,1
3292,kheri,1
3293,picnic,1
3294,offcours,1
3295,wajid,1
3296,injustic,1
3297,monthli,1
3298,renumer,1
3299,seva,1
3300,psport,1
3301,svc,1
3302,appt,1
3303,amdur,1
3304,ayeyarwaddi,1
3305,nazira,1
3306,sivasagar,1
3307,bijay,1
3308,kalita,1
3309,peddl,1
3310,timepleas,1
3311,pmamp,1
3312,boy,1
3313,loudli,1
3314,nuisanc,1
3315,belgian,1
3316,waffl,1
3317,mgroad,1
3318,paanch,1
3319,rasta,1
3320,srikanth,1
3321,idl,1
3322,timei,1
3323,jokingthi,1
3324,ruthless,1
3325,weddingscrem,1
3326,miserli,1
3327,comgovindarajchengalpattu,1
3328,rsp,1
3329,alongwith,1
3330,advoc,1
3331,comduraibabu,1
3332,aium,1
3333,compoornima,1
3334,ricefamili,1
3335,unorgan,1
3336,appetit,1
3337,thrive,1
3338,dictat,1
3339,billionair,1
3340,abandon,1
3341,nixon,1
3342,brezhnev,1
3343,coexist,1
3344,balasaheb,1
3345,thakarey,1
3346,vividli,1
3347,shiv,1
3348,stx,1
3349,withstand,1
3350,redress,1
3351,newstrack,1
3352,shopsmarket,1
3353,scorecard,1
3354,builder,1
3355,lobbywho,1
3356,daylight,1
3357,subsid,1
3358,ghamm,1
3359,logo,1
3360,fori,1
3361,tawanah,1
3362,chahatain,1
3363,romshi,1
3364,mafia,1
3365,unab,1
3366,unattend,1
3367,adm,1
3368,maniac,1
3369,imo,1
3370,massiv,1
3371,noncovid,1
3372,exchang,1
3373,kick,1
3374,fist,1
3375,btn,1
3376,nakasongolawhen,1
3377,motorbik,1
3378,ekikond,1
3379,miger,1
3380,byanyos,1
3381,emphasis,1
3382,trace,1
3383,cond,1
3384,silli,1
3385,baar,1
3386,jagah,1
3387,lagana,1
3388,jese,1
3389,shuruwaat,1
3390,hui,1
3391,wese,1
3392,iska,1
3393,khatma,1
3394,krdo,1
3395,noida,1
3396,lockcurfew,1
3397,orrr,1
3398,undu,1
3399,snap,1
3400,terrac,1
3401,broi,1
3402,kaaney,1
3403,nimenemey,1
3404,serena,1
3405,merchant,1
3406,sat,1
3407,sonitpur,1
3408,bird,1
3409,downcurfew,1
3410,easter,1
3411,hang,1
3412,din,1
3413,cinema,1
3414,rumour,1
3415,authent,1
3416,cachar,1
3417,bike,1
3418,acc,1
3419,blunder,1
3420,deltavari,1
3421,cov,1
3422,tragic,1
3423,jst,1
3424,loiter,1
3425,meanswhi,1
3426,bmrcl,1
3427,tender,1
3428,puram,1
3429,tran,1
3430,nzoia,1
3431,retain,1
3432,completelywith,1
3433,dictionari,1
3434,ballari,1
3435,withdrawn,1
3436,wef,1
3437,dealt,1
3438,trade,1
3439,nationwith,1
3440,relaxationsthey,1
3441,mad,1
3442,againunawar,1
3443,wavewand,1
3444,boldlyamp,1
3445,hypothet,1
3446,guidelinesdestinyampalmighti,1
3447,surveil,1
3448,indepth,1
3449,angri,1
3450,slight,1
3451,khalsa,1
3452,biscuit,1
3453,cold,1
3454,sweeten,1
3455,obtain,1
3456,daddi,1
3457,atlest,1
3458,acp,1
3459,backsid,1
3460,church,1
3461,belo,1
3462,bussi,1
3463,brass,1
3464,band,1
3465,grinar,1
3466,towermadhav,1
3467,prabhu,1
3468,chowk,1
3469,ambewadi,1
3470,kalachowki,1
3471,weakli,1
3472,kangyi,1
3473,monywa,1
3474,causal,1
3475,vaccat,1
3476,bandipur,1
3477,hump,1
3478,meter,1
3479,hombegwda,1
3480,bole,1
3481,rght,1
3482,tym,1
3483,franc,1
3484,writer,1
3485,iok,1
3486,dundahera,1
3487,ghaziabad,1
3488,bellanwila,1
3489,boralesgamuwa,1
3490,destini,1
3491,nonessenti,1
3492,soft,1
3493,nainit,1
3494,uttrakhand,1
3495,anup,1
3496,wld,1
3497,marin,1
3498,drivechowpatti,1
3499,ridicul,1
3500,baseless,1
3501,versova,1
3502,flout,1
3503,dine,1
3504,jiffi,1
3505,beml,1
3506,suranajan,1
3507,ceremoni,1
3508,alright,1
3509,ithin,1
3510,rata,1
3511,wahanna,1
3512,nedha,1
3513,lamayo,1
3514,sadda,1
3515,naga,1
3516,kiyann,1
3517,horribl,1
3518,gut,1
3519,stricter,1
3520,nook,1
3521,corner,1
3522,gavin,1
3523,newsom,1
3524,wheel,1
3525,statement,1
3526,clip,1
3527,bound,1
3528,onu,1
3529,ashish,1
3530,shellar,1
3531,hahhaha,1
3532,todaybut,1
3533,quantiti,1
3534,padanpur,1
3535,jamukoli,1
3536,churchjatani,1
3537,santis,1
3538,santosh,1
3539,jenathi,1
3540,sarbeswar,1
3541,khelar,1
3542,anxious,1
3543,devil,1
3544,combo,1
3545,wfh,1
3546,reportedli,1
3547,ram,1
3548,bharosey,1
3549,gentlemanso,1
3550,anywherecovid,1
3551,cum,1
3552,thereu,1
3553,healthther,1
3554,affairsa,1
3555,govtthey,1
3556,vasooli,1
3557,playersthen,1
3558,vaccinationand,1
3559,vaccinei,1
3560,unavail,1
3561,lalganj,1
3562,rti,1
3563,activist,1
3564,judg,1
3565,toss,1
3566,houston,1
3567,lawsuit,1
3568,racket,1
3569,khi,1
3570,skeptic,1
3571,bunch,1
3572,biometr,1
3573,verif,1
3574,infra,1
3575,pmc,1
3576,hurdl,1
3577,stuck,1
3578,getgot,1
3579,piti,1
3580,ship,1
3581,murah,1
3582,leh,1
3583,mixup,1
3584,firstgener,1
3585,cvncov,1
3586,jaae,1
3587,phir,1
3588,sakti,1
3589,havana,1
3590,cuban,1
3591,centrebut,1
3592,slotswher,1
3593,kais,1
3594,bhakton,1
3595,papa,1
3596,chaap,1
3597,larger,1
3598,floor,1
3599,akhilesh,1
3600,propag,1
3601,anubhvi,1
3602,impot,1
3603,kickstart,1
3604,particularli,1
3605,circular,1
3606,morbid,1
3607,smth,1
3608,strang,1
3609,allot,1
3610,relish,1
3611,sen,1
3612,warren,1
3613,phrma,1
3614,lobbi,1
3615,sebab,1
3616,tua,1
3617,kan,1
3618,tahan,1
3619,sjr,1
3620,shake,1
3621,mom,1
3622,tolong,1
3623,pun,1
3624,dia,1
3625,siap,1
3626,ckp,1
3627,klau,1
3628,sepatutnya,1
3629,gmbr,1
3630,gambar,1
3631,mak,1
3632,ayah,1
3633,dah,1
3634,grab,1
3635,disagre,1
3636,diplomat,1
3637,arena,1
3638,envoy,1
3639,korea,1
3640,hate,1
3641,relationship,1
3642,intersect,1
3643,reader,1
3644,daft,1
3645,naunc,1
3646,hungri,1
3647,apartheid,1
3648,trinidad,1
3649,tobago,1
3650,covisheild,1
3651,citizenshealth,1
3652,workersfront,1
3653,esi,1
3654,uhp,1
3655,scrambl,1
3656,doobi,1
3657,colombo,1
3658,innocul,1
3659,proactiv,1
3660,reactiv,1
3661,scenic,1
3662,vibe,1
3663,mainten,1
3664,sanjay,1
3665,srivastava,1
3666,bbmb,1
3667,dispensari,1
3668,chandigarhdispensari,1
3669,jogulamba,1
3670,dissemin,1
3671,proportion,1
3672,contrari,1
3673,insult,1
3674,scare,1
3675,feku,1
3676,bovin,1
3677,indicatewid,1
3678,exposur,1
3679,mediat,1
3680,stimul,1
3681,antivaxx,1
3682,debat,1
3683,ear,1
3684,exgratia,1
3685,payment,1
3686,deceas,1
3687,vedanta,1
3688,bulk,1
3689,parntner,1
3690,valu,1
3691,amus,1
3692,leong,1
3693,hoe,1
3694,koyok,1
3695,deadlin,1
3696,dolo,1
3697,googl,1
3698,paddar,1
3699,wastag,1
3700,calcul,1
3701,throb,1
3702,perceiv,1
3703,rkc,1
3704,kukurmara,1
3705,novavax,1
3706,mewat,1
3707,soften,1
3708,vlad,1
3709,impal,1
3710,rehbar,1
3711,moazzam,1
3712,sayyid,1
3713,ali,1
3714,khamenei,1
3715,unstabl,1
3716,dearth,1
3717,democraci,1
3718,effici,1
3719,yeah,1
3720,pata,1
3721,side,1
3722,joy,1
3723,crippl,1
3724,dust,1
3725,judgment,1
3726,echo,1
3727,bewild,1
3728,indiandespit,1
3729,devastationwhich,1
3730,compliment,1
3731,rub,1
3732,salt,1
3733,wound,1
3734,kith,1
3735,sapootnik,1
3736,pfizerglob,1
3737,counter,1
3738,coronamodiji,1
3739,neck,1
3740,tube,1
3741,okk,1
3742,chamchoo,1
3743,diagnos,1
3744,neverend,1
3745,ulterior,1
3746,motif,1
3747,journo,1
3748,artifici,1
3749,oxygenampvaccin,1
3750,instanc,1
3751,rollout,1
3752,envirolut,1
3753,cpcb,1
3754,mygov,1
3755,pmof,1
3756,stick,1
3757,ampprov,1
3758,cmof,1
3759,tnmk,1
3760,byvrrcellpuducherri,1
3761,younger,1
3762,oralcanc,1
3763,surgeri,1
3764,surgeryit,1
3765,boomerang,1
3766,beaten,1
3767,looter,1
3768,blackmail,1
3769,martyr,1
3770,hcwsu,1
3771,unacknowledg,1
3772,warrioritn,1
3773,krwa,1
3774,drip,1
3775,maharastra,1
3776,coronarastra,1
3777,unjustifi,1
3778,epicentr,1
3779,manu,1
3780,evapor,1
3781,sanghi,1
3782,namuna,1
3783,termit,1
3784,pandemicfood,1
3785,hurteffect,1
3786,janasevaka,1
3787,sutra,1
3788,coincid,1
3789,allhamdullaallah,1
3790,tomoro,1
3791,aaj,1
3792,clinikthi,1
3793,newsther,1
3794,bteup,1
3795,problemi,1
3796,favor,1
3797,bleak,1
3798,emojizzzzz,1
3799,bandi,1
3800,gstvariabl,1
3801,kisan,1
3802,andolan,1
3803,petroleumcook,1
3804,tsunami,1
3805,tallah,1
3806,unko,1
3807,jannat,1
3808,naseeb,1
3809,atta,1
3810,farmya,1
3811,krayawith,1
3812,familynow,1
3813,dispos,1
3814,orderswhichev,1
3815,thumb,1
3816,keeper,1
3817,multifold,1
3818,stretch,1
3819,breakg,1
3820,goiamps,1
3821,lullabi,1
3822,sycophancyampth,1
3823,latterin,1
3824,quid,1
3825,quohelp,1
3826,unseen,1
3827,waysth,1
3828,introductn,1
3829,aajtak,1
3830,wanei,1
3831,weirdest,1
3832,cummul,1
3833,rcvrd,1
3834,grwth,1
3835,dbling,1
3836,emphas,1
3837,hurri,1
3838,hype,1
3839,mismanag,1
3840,hsbte,1
3841,behalf,1
3842,annamalai,1
3843,bleach,1
3844,agaisnt,1
3845,boi,1
3846,maam,1
3847,andbhakt,1
3848,mutra,1
3849,alhumdulillah,1
3850,pet,1
3851,mankind,1
3852,prosper,1
3853,sake,1
3854,pitti,1
3855,theselead,1
3856,tums,1
3857,hopayega,1
3858,chellam,1
3859,everyth,1
3860,noth,1
3861,proplem,1
3862,coronano,1
3863,thnx,1
3864,tou,1
3865,nahin,1
3866,gaya,1
3867,siraft,1
3868,covidi,1
3869,nationin,1
3870,landlord,1
3871,gujrat,1
3872,tha,1
3873,jayda,1
3874,paresan,1
3875,kiya,1
3876,nov,1
3877,neighborhood,1
3878,youpleas,1
3879,ltgovernor,1
3880,brandi,1
3881,approvig,1
3882,unsung,1
3883,mall,1
3884,mallwatch,1
3885,navi,1
3886,unmai,1
3887,naan,1
3888,namburathu,1
3889,enana,1
3890,afer,1
3891,expand,1
3892,trichi,1
3893,dialysi,1
3894,upor,1
3895,bart,1
3896,moddh,1
3897,amra,1
3898,sokol,1
3899,ditm,1
3900,kortm,1
3901,loitm,1
3902,modd,1
3903,koratai,1
3904,waiveoff,1
3905,optim,1
3906,partli,1
3907,mohamarir,1
3908,smi,1
3909,kno,1
3910,amrar,1
3911,ois,1
3912,plzz,1
3913,koro,1
3914,jibon,1
3915,jdi,1
3916,mara,1
3917,gothi,1
3918,oitho,1
3919,strictur,1
3920,sewak,1
3921,tie,1
3922,needlessli,1
3923,wrt,1
3924,nonbjp,1
3925,rsir,1
3926,svp,1
3927,khetwadi,1
3928,kumbharwada,1
3929,dhh,1
3930,pattamundai,1
3931,upsc,1
3932,attemptnot,1
3933,lame,1
3934,helmet,1
3935,happend,1
3936,bnb,1
3937,safu,1
3938,outstand,1
3939,hardwork,1
3940,secreatari,1
3941,lazi,1
3942,ssp,1
3943,secreatri,1
3944,kam,1
3945,donar,1
3946,gangaraju,1
3947,gpay,1
3948,phone,1
3949,missedruin,1
3950,ourliv,1
3951,yall,1
3952,enact,1
3953,virus,1
3954,issuanc,1
3955,delus,1
3956,intellig,1
3957,aajii,1
3958,alonelif,1
3959,incomplet,1
3960,bow,1
3961,cobra,1
3962,agoinitiallyw,1
3963,continuouslybut,1
3964,harder,1
3965,passedw,1
3966,donationsamphelp,1
3967,globe,1
3968,slowdown,1
3969,fuk,1
3970,diabiti,1
3971,fit,1
3972,puneeth,1
3973,rajkumar,1
3974,amrican,1
3975,amerika,1
3976,mister,1
3977,pukka,1
3978,male,1
3979,monster,1
3980,loma,1
3981,rajapak,1
3982,hajipur,1
3983,terrif,1
3984,horrif,1
3985,governmenti,1
3986,pazhayar,1
3987,ampal,1
3988,helath,1
3989,breed,1
3990,custodi,1
3991,vanndaloor,1
3992,virusauthent,1
3993,itselfpeopl,1
3994,humanw,1
3995,forex,1
3996,accur,1
3997,celsiusdegre,1
3998,periar,1
3999,kamarajamp,1
4000,prohibit,1
4001,rediclus,1
4002,alertno,1
4003,blanket,1
4004,linen,1
4005,safelysuitablyinconveni,1
4006,sholud,1
4007,bjpgovt,1
4008,tanashi,1
4009,gether,1
4010,weaknessin,1
4011,situationth,1
4012,dangerour,1
4013,gov,1
4014,parol,1
4015,coronasuch,1
4016,fordaythey,1
4017,bailparoleothrwiseth,1
4018,belief,1
4019,deiti,1
4020,respit,1
4021,coronavirusa,1
4022,former,1
4023,dehlitesthey,1
4024,failurekujiw,1
4025,chamcha,1
4026,apolog,1
4027,jait,1
4028,gadkari,1
4029,idfc,1
4030,annual,1
4031,ctc,1
4032,vaidyanathan,1
4033,todaycorona,1
4034,furor,1
4035,educationfor,1
4036,upliftt,1
4037,timea,1
4038,meon,1
4039,intellectu,1
4040,presentfe,1
4041,demo,1
4042,waheguru,1
4043,waqt,1
4044,aata,1
4045,poll,1
4046,durga,1
4047,puja,1
4048,hmari,1
4049,kisi,1
4050,mausa,1
4051,mausi,1
4052,sidharth,1
4053,danc,1
4054,deewan,1
4055,bullywood,1
4056,plot,1
4057,wale,1
4058,industrialist,1
4059,lccr,1
4060,writeoff,1
4061,dividend,1
4062,ghanta,1
4063,ampcorona,1
4064,superstiti,1
4065,goddess,1
4066,demolish,1
4067,raze,1
4068,occupi,1
4069,roaster,1
4070,weekpleas,1
4071,tht,1
4072,factor,1
4073,sugest,1
4074,unaccept,1
4075,attitudeapproach,1
4076,shama,1
4077,dasvillagesijuput,1
4078,tamandobbsrdu,1
4079,lko,1
4080,annoy,1
4081,repeatedli,1
4082,usthi,1
4083,quota,1
4084,kudumi,1
4085,keonjhar,1
4086,twinkl,1
4087,seed,1
4088,heartili,1
4089,incompar,1
4090,pema,1
4091,khandu,1
4092,frm,1
4093,kothagdem,1
4094,badradri,1
4095,kothgudem,1
4096,packet,1
4097,rikshaw,1
4098,mahatma,1
4099,thr,1
4100,dynam,1
4101,itll,1
4102,rippl,1
4103,pandemicthank,1
4104,dhumnagar,1
4105,girl,1
4106,ampspread,1
4107,udaipur,1
4108,nyv,1
4109,yogesh,1
4110,kasana,1
4111,mamta,1
4112,sharmablock,1
4113,sikandradausa,1
4114,sangathan,1
4115,dausa,1
4116,nepali,1
4117,garment,1
4118,dispar,1
4119,greedi,1
4120,ccp,1
4121,killer,1
4122,furi,1
4123,wrath,1
4124,shortli,1
4125,delug,1
4126,radiat,1
4127,famin,1
4128,earthquak,1
4129,evad,1
4130,brothercorona,1
4131,yearsmakk,1
4132,thogai,1
4133,kuraindu,1
4134,vidum,1
4135,nattilsarayam,1
4136,inimakkalukum,1
4137,madu,1
4138,kum,1
4139,lockdowntwo,1
4140,gopal,1
4141,amagopalkazham,1
4142,ini,1
4143,closekazham,1
4144,coincident,1
4145,jhandaa,1
4146,wala,1
4147,unrel,1
4148,konanakunt,1
4149,gokul,1
4150,shankar,1
4151,environmentalist,1
4152,unscrupul,1
4153,nexu,1
4154,smita,1
4155,badal,1
4156,admistr,1
4157,awesom,1
4158,indira,1
4159,lucknow,1
4160,housesdozen,1
4161,hari,1
4162,bhoothnath,1
4163,payal,1
4164,deen,1
4165,dayal,1
4166,dham,1
4167,mathura,1
4168,coin,1
4169,holder,1
4170,burn,1
4171,whiteampblack,1
4172,batana,1
4173,jaruri,1
4174,kalmedupet,1
4175,visionari,1
4176,prayaa,1
4177,arais,1
4178,ondmurth,1
4179,reopen,1
4180,dosecertif,1
4181,copi,1
4182,ashram,1
4183,sadguru,1
4184,pgi,1
4185,eloqu,1
4186,runner,1
4187,manymor,1
4188,ordinari,1
4189,dhal,1
4190,vaccinebut,1
4191,palakkad,1
4192,playback,1
4193,singerthi,1
4194,celebritiesdr,1
4195,burecrat,1
4196,etcpray,1
4197,mama,1
4198,nan,1
4199,retouch,1
4200,poduren,1
4201,thalapathi,1
4202,aprm,1
4203,idhan,1
4204,velai,1
4205,dematagoda,1
4206,fastspread,1
4207,jayewardenepura,1
4208,uni,1
4209,kala,1
4210,paisa,1
4211,tel,1
4212,nikala,1
4213,kal,1
4214,intact,1
4215,ajay,1
4216,adanijai,1
4217,shahambani,1
4218,jayanta,1
4219,naskarmla,1
4220,gosaba,1
4221,aitc,1
4222,sundarbandeep,1
4223,worldamen,1
4224,hmko,1
4225,rakshak,1
4226,bmc,1
4227,traffic,1
4228,gratitut,1
4229,firecrack,1
4230,dazzl,1
4231,lean,1
4232,expedit,1
4233,advent,1
4234,afternoon,1
4235,jamshedpur,1
4236,tip,1
4237,sharp,1
4238,purifi,1
4239,shubendu,1
4240,mazumdar,1
4241,yasss,1
4242,shouldv,1
4243,arunach,1
4244,cheen,1
4245,adventur,1
4246,currupt,1
4247,distrib,1
4248,allreadi,1
4249,ceo,1
4250,beek,1
4251,mmd,1
4252,instructor,1
4253,veraeti,1
4254,paddi,1
4255,regen,1
4256,agricultur,1
4257,stapl,1
4258,honey,1
4259,vulnerablewhen,1
4260,shave,1
4261,saravanan,1
4262,dystrophi,1
4263,chepauktriplican,1
4264,udayanidhi,1
4265,bhopal,1
4266,ratnagiri,1
4267,jalgaon,1
4268,amd,1
4269,wholesom,1
4270,scenario,1
4271,prevailingdeadli,1
4272,pandemichealth,1
4273,stagger,1
4274,initiativesm,1
4275,projectedev,1
4276,yearhatsoff,1
4277,revisit,1
4278,dargah,1
4279,pose,1
4280,satnam,1
4281,pura,1
4282,sirsa,1
4283,cdasr,1
4284,wpaq,1
4285,moo,1
4286,vfurog,1
4287,jlfi,1
4288,vata,1
4289,kapholbana,1
4290,heen,1
4291,pitta,1
4292,jwarshwasanak,1
4293,sam,1
4294,jwarno,1
4295,ayurveda,1
4296,textsbut,1
4297,detori,1
4298,pravar,1
4299,avar,1
4300,cewv,1
4301,comfort,1
4302,unnecessari,1
4303,newspap,1
4304,vaccinerel,1
4305,myocard,1
4306,indiazero,1
4307,hep,1
4308,jfkng,1
4309,owgeb,1
4310,mulnivasi,1
4311,munch,1
4312,dafan,1
4313,utmost,1
4314,depress,1
4315,honest,1
4316,alll,1
4317,pigeon,1
4318,wch,1
4319,mosquito,1
4320,insect,1
4321,smell,1
4322,shirt,1
4323,tow,1
4324,chill,1
4325,meghalaya,1
4326,distress,1
4327,npp,1
4328,mda,1
4329,rto,1
4330,harras,1
4331,ware,1
4332,notori,1
4333,bakeri,1
4334,illiter,1
4335,grant,1
4336,usd,1
4337,revolution,1
4338,tracetogeth,1
4339,moh,1
4340,govtech,1
4341,vi,1
4342,dinner,1
4343,scan,1
4344,chat,1
4345,theyv,1
4346,beco,1
4347,fade,1
4348,hassl,1
4349,tehraniran,1
4350,height,1
4351,atp,1
4352,dharmavaram,1
4353,teluk,1
4354,jkpalli,1
4355,thanda,1
4356,mudigubba,1
4357,madal,1
4358,cheppamu,1
4359,kilomet,1
4360,nervou,1
4361,muh,1
4362,princip,1
4363,indic,1
4364,hisher,1
4365,hall,1
4366,nmaafaru,1
4367,solidar,1
4368,cool,1
4369,mengadap,1
4370,else,1
4371,finest,1
4372,alok,1
4373,mishra,1
4374,subsequ,1
4375,except,1
4376,harmoni,1
4377,etho,1
4378,reaffirm,1
4379,antin,1
4380,comput,1
4381,farewel,1
4382,bid,1
4383,adieu,1
4384,outgo,1
4385,profkskadam,1
4386,proftibagban,1
4387,downward,1
4388,tan,1
4389,tock,1
4390,seng,1
4391,fresher,1
4392,councilsir,1
4393,pend,1
4394,feb,1
4395,allahabad,1
4396,preprat,1
4397,tat,1
4398,contributor,1
4399,lyric,1
4400,japan,1
4401,mela,1
4402,ioc,1
4403,menac,1
4404,leverag,1
4405,homi,1
4406,assum,1
4407,closest,1
4408,depict,1
4409,contagion,1
4410,naah,1
4411,spontan,1
4412,poorneedi,1
4413,bokakhat,1
4414,joi,1
4415,opt,1
4416,mainli,1
4417,breast,1
4418,lactat,1
4419,legitim,1
4420,pph,1
4421,soonest,1
4422,compos,1
4423,nose,1
4424,poorli,1
4425,lankan,1
4426,rsbn,1
4427,aaa,1
4428,dibya,1
4429,ranjan,1
4430,behera,1
4431,machin,1
4432,bhubaneshwar,1
4433,stabilis,1
4434,myth,1
4435,gossip,1
4436,resurfac,1
4437,republ,1
4438,somaliland,1
4439,weekli,1
4440,connactor,1
4441,paitent,1
4442,substitut,1
4443,shubham,1
4444,rajvanshi,1
4445,eagerli,1
4446,shareretweet,1
4447,reducu,1
4448,costliest,1
4449,humanitarian,1
4450,voluntari,1
4451,authoris,1
4452,insert,1
4453,overpopul,1
4454,stagnat,1
4455,yoy,1
4456,reemphasis,1
4457,glucos,1
4458,meta,1
4459,diabetologia,1
4460,courag,1
4461,darl,1
4462,treatmentpl,1
4463,drivethrough,1
4464,eastern,1
4465,introspect,1
4466,multifactori,1
4467,surpass,1
4468,poorest,1
4469,eprospectu,1
4470,unchang,1
4471,sanjana,1
4472,malathi,1
4473,complex,1
4474,recklessli,1
4475,vietnames,1
4476,hoa,1
4477,phat,1
4478,hrc,1
4479,dap,1
4480,swak,1
4481,consensi,1
4482,pulwama,1
4483,alzheim,1
4484,diseaselik,1
4485,cognit,1
4486,impair,1
4487,breakdown,1
4488,workplac,1
4489,clampdown,1
4490,purnea,1
4491,untir,1
4492,vacanc,1
4493,nhf,1
4494,gtb,1
4495,hawker,1
4496,zindabad,1
4497,rom,1
4498,olympian,1
4499,diew,1
4500,lengend,1
4501,fateha,1
4502,abba,1
4503,grave,1
4504,superspread,1
4505,naveen,1
4506,patnaik,1
4507,epoch,1
4508,insist,1
4509,neglig,1
4510,alonesourc,1
4511,prize,1
4512,chin,1
4513,risewhat,1
4514,risingpleas,1
4515,background,1
4516,accumul,1
4517,siddharth,1
4518,hopeless,1
4519,vacant,1
4520,survivefarm,1
4521,afteral,1
4522,aircraft,1
4523,believingin,1
4524,bhaje,1
4525,dishearten,1
4526,nuisancemor,1
4527,creatur,1
4528,greed,1
4529,iyc,1
4530,akheel,1
4531,ahmad,1
4532,saab,1
4533,sivajinagar,1
4534,rnaf,1
4535,soap,1
4536,isnot,1
4537,isrecoveri,1
4538,hindustan,1
4539,incap,1
4540,neighbour,1
4541,tamilnadutoday,1
4542,casesmargin,1
4543,kovai,1
4544,covod,1
4545,scratch,1
4546,proven,1
4547,pump,1
4548,lawyer,1
4549,chamber,1
4550,nope,1
4551,anyway,1
4552,someday,1
4553,algebra,1
4554,abc,1
4555,sheikh,1
4556,hasina,1
4557,rival,1
4558,exclud,1
4559,incent,1
4560,stomach,1
4561,bharathi,1
4562,vij,1
4563,insta,1
4564,rizwan,1
4565,pcb,1
4566,leagu,1
4567,faceto,1
4568,warriorviru,1
4569,industri,1
4570,enorm,1
4571,ppc,1
4572,fin,1
4573,load,1
4574,netbank,1
4575,shortest,1
4576,licens,1
4577,nyay,1
4578,wrongli,1
4579,friendship,1
4580,demi,1
4581,keselamatan,1
4582,semua,1
4583,realist,1
4584,imp,1
4585,transpar,1
4586,rapidlyevolv,1
4587,unparallel,1
4588,math,1
4589,correcthav,1
4590,researchtrust,1
4591,rare,1
4592,favour,1
4593,woke,1
4594,deepish,1
4595,slumber,1
4596,brace,1
4597,mil,1
4598,folk,1
4599,respond,1
4600,airtel,1
4601,emp,1
4602,marwari,1
4603,manch,1
4604,greater,1
4605,vision,1
4606,mym,1
4607,selflessli,1
4608,hurdleslearn,1
4609,seri,1
4610,mma,1
4611,queri,1
4612,buck,1
4613,ave,1
4614,brackettyp,1
4615,sinist,1
4616,fever,1
4617,smart,1
4618,hardhit,1
4619,revolut,1
4620,vamsi,1
4621,balusu,1
4622,sriniva,1
4623,dysenteri,1
4624,inicet,1
4625,yearsbut,1
4626,betray,1
4627,entic,1
4628,tone,1
4629,parleswar,1
4630,pratishthan,1
4631,jaggeri,1
4632,eleph,1
4633,reveng,1
4634,heavili,1
4635,populatedw,1
4636,swiftli,1
4637,repect,1
4638,jai,1
4639,dheveynii,1
4640,healthminist,1
4641,kerafaa,1
4642,royal,1
4643,ehkani,1
4644,ehmeehun,1
4645,engumah,1
4646,kann,1
4647,inegi,1
4648,dhivehiin,1
4649,ehba,1
4650,thibikan,1
4651,handhaan,1
4652,kuraathi,1
4653,fair,1
4654,clown,1
4655,citizenofindia,1
4656,stopnonsenseof,1
4657,whatsimport,1
4658,insomnia,1
4659,thingor,1
4660,thinkingpleas,1
4661,facti,1
4662,craig,1
4663,mailbox,1
4664,art,1
4665,novic,1
4666,issuestogeth,1
4667,scareddo,1
4668,gimmickeri,1
4669,coronil,1
4670,hamper,1
4671,reunit,1
4672,interced,1
4673,resumpt,1
4674,nri,1
4675,passang,1
4676,roc,1
4677,wil,1
4678,troll,1
4679,settlement,1
4680,aiysha,1
4681,bud,1
4682,filmmak,1
4683,laccad,1
4684,rage,1
4685,akshay,1
4686,outsmart,1
4687,politic,1
4688,origintrac,1
4689,hypocrisi,1
4690,shaken,1
4691,mettl,1
4692,ktr,1
4693,dalit,1
4694,kannada,1
4695,poet,1
4696,intens,1
4697,novak,1
4698,rafa,1
4699,semifin,1
4700,todaywhat,1
4701,gowdar,1
4702,stanc,1
4703,matur,1
4704,reconstruct,1
4705,librari,1
4706,ion,1
4707,orchard,1
4708,temporarili,1
4709,weight,1
4710,smbg,1
4711,ckd,1
4712,premix,1
4713,glargin,1
4714,tdi,1
4715,idegasp,1
4716,lira,1
4717,sglti,1
4718,review,1
4719,throwback,1
4720,thalassemia,1
4721,congrat,1
4722,alum,1
4723,abdul,1
4724,hafeez,1
4725,mbe,1
4726,instinct,1
4727,trafford,1
4728,bhuvan,1
4729,harsh,1
4730,arab,1
4731,emir,1
4732,input,1
4733,malnutrit,1
4734,belov,1
4735,ramzan,1
4736,who,1
4737,parient,1
4738,childsir,1
4739,temp,1
4740,incub,1
4741,symptomsand,1
4742,foundeach,1
4743,tempw,1
4744,wan,1
4745,risen,1
4746,ilo,1
4747,brink,1
4748,outreach,1
4749,bong,1
4750,womenit,1
4751,womb,1
4752,cepat,1
4753,habi,1
4754,demotiv,1
4755,bila,1
4756,kerja,1
4757,crash,1
4758,recvd,1
4759,msg,1
4760,topm,1
4761,ncert,1
4762,campu,1
4763,ahhh,1
4764,mageran,1
4765,clarif,1
4766,appart,1
4767,noi,1
4768,thanh,1
4769,cong,1
4770,dong,1
4771,soup,1
4772,noodl,1
4773,spring,1
4774,roll,1
4775,adminstr,1
4776,preliminari,1
4777,hajj,1
4778,mateen,1
4779,biryani,1
4780,raita,1
4781,tere,1
4782,first,1
4783,crowdfund,1
4784,pogram,1
4785,manda,1
4786,brazil,1
4787,map,1
4788,academia,1
4789,paramet,1
4790,entitl,1
4791,trauma,1
4792,societygovt,1
4793,rescu,1
4794,mahreen,1
4795,fuckin,1
4796,zombi,1
4797,accomplish,1
4798,jijau,1
4799,kolhapur,1
4800,cervic,1
4801,tshirt,1
4802,sayin,1
4803,suit,1
4804,courtesi,1
4805,basket,1
4806,supplement,1
4807,bagh,1
4808,sarscov,1
4809,maryland,1
4810,greenspr,1
4811,mayor,1
4812,jersey,1
4813,foriegn,1
4814,policylump,1
4815,numberswhen,1
4816,jewel,1
4817,greatest,1
4818,fratern,1
4819,fourth,1
4820,medal,1
4821,salam,1
4822,surgic,1
4823,sou,1
4824,kevadia,1
4825,malleshwaram,1
4826,menu,1
4827,uanbut,1
4828,paye,1
4829,rejectedi,1
4830,veryneedofmoney,1
4831,jinp,1
4832,aint,1
4833,phx,1
4834,huh,1
4835,sadli,1
4836,coupl,1
4837,hed,1
4838,steak,1
4839,chip,1
4840,brussel,1
4841,sprout,1
4842,fri,1
4843,fab,1
4844,dinein,1
4845,inflammatori,1
4846,spew,1
4847,venom,1
4848,particular,1
4849,chalo,1
4850,nsui,1
4851,strongli,1
4852,bowler,1
4853,rythmmay,1
4854,bankura,1
4855,protocolspleas,1
4856,primarili,1
4857,surfac,1
4858,mediclaim,1
4859,djin,1
4860,astra,1
4861,zenica,1
4862,dahisar,1
4863,plaza,1
4864,lowkey,1
4865,suffic,1
4866,manifest,1
4867,teem,1
4868,millionit,1
4869,vice,1
4870,versash,1
4871,funni,1
4872,giggl,1
4873,wana,1
4874,claw,1
4875,hey,1
4876,golden,1
4877,jubile,1
4878,digboi,1
4879,tinsukia,1
4880,wouldnt,1
4881,consist,1
4882,footbal,1
4883,stint,1
4884,empathi,1
4885,heritag,1
4886,dua,1
4887,nobl,1
4888,owe,1
4889,agr,1
4890,apko,1
4891,pta,1
4892,topper,1
4893,ghi,1
4894,anxieti,1
4895,hogeya,1
4896,matlaab,1
4897,mock,1
4898,outrag,1
4899,woho,1
4900,becoz,1
4901,manchest,1
4902,obstruct,1
4903,youv,1
4904,mirror,1
4905,just,1
4906,reek,1
4907,coronaaaa,1
4908,kebangsaan,1
4909,overdo,1
4910,semburit,1
4911,miti,1
4912,cohes,1
4913,plular,1
4914,visavi,1
4915,convert,1
4916,temporari,1
4917,pnr,1
4918,rajdhani,1
4919,yoddha,1
4920,personel,1
4921,septic,1
4922,cleaner,1
4923,andaa,1
4924,provisionsric,1
4925,oldand,1
4926,uncl,1
4927,dailysi,1
4928,dailysiswhereev,1
4929,kft,1
4930,hiv,1
4931,pdf,1
4932,bbsr,1
4933,biographi,1
4934,erad,1
4935,influenza,1
4936,chickenpox,1
4937,andolanjivi,1
4938,violenc,1
4939,ltmgh,1
4940,sion,1
4941,hospitalmumbaithi,1
4942,insan,1
4943,disori,1
4944,leas,1
4945,doric,1
4946,oldthat,1
4947,varind,1
4948,rana,1
4949,bjym,1
4950,deepak,1
4951,madhav,1
4952,bjyp,1
4953,raj,1
4954,yaduvanshi,1
4955,sirmadam,1
4956,btech,1
4957,examcovid,1
4958,byt,1
4959,betchw,1
4960,humansw,1
4961,drown,1
4962,silenc,1
4963,forgiv,1
4964,slam,1
4965,isslightli,1
4966,appar,1
4967,februari,1
4968,youd,1
4969,replac,1
4970,restor,1
4971,aesthet,1
4972,dental,1
4973,deepli,1
4974,leisur,1
4975,covidmask,1
4976,usag,1
4977,sirit,1
4978,cuma,1
4979,ajang,1
4980,bisni,1
4981,berita,1
4982,hoax,1
4983,soluat,1
4984,sympathet,1
4985,screenshot,1
4986,qualifi,1
4987,sciechimich,1
4988,sciemenza,1
4989,baldevjew,1
4990,tulasi,1
4991,khetra,1
4992,indubit,1
4993,freeth,1
4994,mustread,1
4995,strangul,1
4996,aftereffect,1
4997,covidmost,1
4998,educativeamphighli,1
4999,didact,1
5000,jntuh,1
5001,secend,1
5002,recommend,1
5003,togthr,1
5004,eachoth,1
5005,uniti,1
5006,blunt,1
5007,stair,1
5008,pedestrian,1
5009,bridg,1
5010,shalbi,1
5011,vaishali,1
5012,canacona,1
5013,notif,1
5014,collector,1
5015,bamonbudo,1
5016,waterfal,1
5017,gaondongrem,1
5018,kin,1
5019,resign,1
5020,hfe,1
5021,bloodi,1
5022,mid,1
5023,dusu,1
5024,samaja,1
5025,sambalpur,1
5026,everday,1
5027,miser,1
5028,isol,1
5029,admn,1
5030,invoic,1
5031,cluecovid,1
5032,timesbut,1
5033,tirelessli,1
5034,deposit,1
5035,bond,1
5036,theyll,1
5037,pothol,1
5038,vinayak,1
5039,helper,1
5040,resist,1
5041,lik,1
5042,thug,1
5043,ptr,1
5044,mlm,1
5045,businessa,1
5046,cretic,1
5047,incomeamp,1
5048,yow,1
5049,itc,1
5050,cash,1
5051,reinvest,1
5052,stationeri,1
5053,invest,1
5054,britannia,1
5055,paint,1
5056,pidlit,1
5057,titan,1
5058,cagr,1
5059,istanbul,1
5060,datang,1
5061,maridan,1
5062,tipu,1
5063,sultan,1
5064,mannur,1
5065,gim,1
5066,turman,1
5067,fud,1
5068,boomer,1
5069,boredom,1
5070,ran,1
5071,whammi,1
5072,hint,1
5073,koraput,1
5074,std,1
5075,thshe,1
5076,koraputodisha,1
5077,rental,1
5078,amaer,1
5079,ibrahim,1
5080,mob,1
5081,rehab,1
5082,remdesevir,1
5083,trim,1
5084,intl,1
5085,keraladiplomat,1
5086,terror,1
5087,isi,1
5088,etcw,1
5089,bharani,1
5090,chandra,1
5091,munigalla,1
5092,incid,1
5093,chandrapur,1
5094,loophol,1
5095,crazi,1
5096,rank,1
5097,unitedst,1
5098,qaland,1
5099,brit,1
5100,unlucki,1
5101,subjectiveirrelev,1
5102,wth,1
5103,discount,1
5104,muhammad,1
5105,hayat,1
5106,assembl,1
5107,vicepresidentb,1
5108,deleg,1
5109,sivil,1
5110,homewarrior,1
5111,instagram,1
5112,covidhomewarrior,1
5113,anniversari,1
5114,rhi,1
5115,genz,1
5116,stone,1
5117,salon,1
5118,boss,1
5119,budgam,1
5120,assisst,1
5121,yemen,1
5122,communic,1
5123,mrhfl,1
5124,mar,1
5125,sirth,1
5126,indiasbplfsc,1
5127,holdersget,1
5128,thatto,1
5129,govtextra,1
5130,sirwhat,1
5131,groceriesfor,1
5132,peopleampno,1
5133,monetari,1
5134,timeof,1
5135,virusesin,1
5136,ncpcr,1
5137,seroposit,1
5138,median,1
5139,titr,1
5140,naiv,1
5141,propensitymatch,1
5142,adjust,1
5143,cohort,1
5144,wider,1
5145,corp,1
5146,debacleher,1
5147,explicitli,1
5148,tika,1
5149,utsav,1
5150,prerequisit,1
5151,discu,1
5152,media,1
5153,gyanaranjan,1
5154,kalinga,1
5155,chronic,1
5156,fallow,1
5157,farc,1
5158,flung,1
5159,ampcovid,1
5160,regulationsin,1
5161,yeari,1
5162,uncondit,1
5163,cleans,1
5164,sauna,1
5165,toxin,1
5166,rehydr,1
5167,squeaki,1
5168,examsw,1
5169,cancelledour,1
5170,disguis,1
5171,valid,1
5172,documentsticket,1
5173,livabl,1
5174,divyangjan,1
5175,laps,1
5176,duffer,1
5177,abhisek,1
5178,lifew,1
5179,looong,1
5180,settl,1
5181,solar,1
5182,jaisalm,1
5183,favourit,1
5184,vignesh,1
5185,sugar,1
5186,addn,1
5187,chandauli,1
5188,widespread,1
5189,pursu,1
5190,mirabhayand,1
5191,ndtv,1
5192,discomfort,1
5193,sangam,1
5194,lst,1
5195,khanpur,1
5196,actionwhen,1
5197,irrit,1
5198,switch,1
5199,reachablewrong,1
5200,taught,1
5201,revolutionari,1
5202,gentleman,1
5203,abus,1
5204,baywatch,1
5205,hasselhoff,1
5206,rescueto,1
5207,germani,1
5208,sucheta,1
5209,flow,1
5210,mist,1
5211,broughtdown,1
5212,textur,1
5213,beg,1
5214,pace,1
5215,extent,1
5216,mild,1
5217,fundi,1
5218,indiasfight,1
5219,allocatesr,1
5220,drdo,1
5221,honestli,1
5222,londa,1
5223,ele,1
5224,dosent,1
5225,monetorium,1
5226,format,1
5227,qurbani,1
5228,qcc,1
5229,haj,1
5230,whilst,1
5231,abid,1
5232,potenc,1
5233,headlin,1
5234,apprehens,1
5235,concret,1
5236,primetim,1
5237,emmi,1
5238,tad,1
5239,extern,1
5240,heartbreak,1
5241,pawn,1
5242,mortgag,1
5243,banana,1
5244,merci,1
5245,whr,1
5246,useless,1
5247,room,1
5248,verifi,1
5249,belv,1
5250,covidv,1
5251,sufrng,1
5252,inconsider,1
5253,fmli,1
5254,membr,1
5255,cvd,1
5256,aftr,1
5257,beng,1
5258,optout,1
5259,worthless,1
5260,prblm,1
5261,notifcatin,1
5262,ranibagh,1
5263,object,1
5264,mysteri,1
5265,scari,1
5266,evidenti,1
5267,cun,1
5268,masterpiec,1
5269,disgrac,1
5270,default,1
5271,advertis,1
5272,tentatur,1
5273,shrink,1
5274,crowdsourc,1
5275,dialog,1
5276,scholarship,1
5277,rpt,1
5278,enconunt,1
5279,term,1
5280,sunil,1
5281,spite,1
5282,protein,1
5283,therapeut,1
5284,pleasur,1
5285,veerabhadra,1
5286,rwanda,1
5287,rugambanengw,1
5288,hoodwink,1
5289,strait,1
5290,wine,1
5291,blindli,1
5292,fallingin,1
5293,daytot,1
5294,fatalitiesamp,1
5295,ciruc,1
5296,settil,1
5297,circu,1
5298,manamadurai,1
5299,sivgangai,1
5300,inventori,1
5301,vax,1
5302,stash,1
5303,fame,1
5304,bigen,1
5305,awarenesswhi,1
5306,plastic,1
5307,chilwel,1
5308,contamin,1
5309,unlink,1
5310,ccctmc,1
5311,jharsuguda,1
5312,kitn,1
5313,empanel,1
5314,ayushmann,1
5315,maep,1
5316,encount,1
5317,revis,1
5318,aashaherb,1
5319,estd,1
5320,frighten,1
5321,himanta,1
5322,biswa,1
5323,sarma,1
5324,upward,1
5325,mln,1
5326,thoubal,1
5327,blind,1
5328,bhakt,1
5329,whimsic,1
5330,prais,1
5331,kovit,1
5332,content,1
5333,rajyasabha,1
5334,kamakhya,1
5335,prasad,1
5336,tasa,1
5337,dcjorhat,1
5338,ashok,1
5339,barman,1
5340,inaugur,1
5341,dhalarsatra,1
5342,schooltitabarjorhat,1
5343,laconesccmb,1
5344,indigen,1
5345,interim,1
5346,gonebut,1
5347,rajkot,1
5348,homeopath,1
5349,parul,1
5350,poster,1
5351,bravo,1
5352,feat,1
5353,ghatkoparw,1
5354,unedit,1
5355,puls,1
5356,appl,1
5357,heartschool,1
5358,jobless,1
5359,gate,1
5360,middleclass,1
5361,raichur,1
5362,recipi,1
5363,comman,1
5364,srp,1
5365,goregoan,1
5366,dadar,1
5367,maliarua,1
5368,anganwadi,1
5369,nachhipur,1
5370,bhagabansuni,1
5371,bhagabanpur,1
5372,carmel,1
5373,brahmapur,1
5374,summer,1
5375,solstic,1
5376,bode,1
5377,oxford,1
5378,miodiji,1
5379,lectur,1
5380,debt,1
5381,laden,1
5382,videocon,1
5383,capitalist,1
5384,bare,1
5385,balanc,1
5386,dhubri,1
5387,srilankan,1
5388,filthi,1
5389,prospect,1
5390,meant,1
5391,robust,1
5392,melt,1
5393,will,1
5394,histor,1
5395,policymakersstil,1
5396,warriorsamphealth,1
5397,solid,1
5398,fell,1
5399,fat,1
5400,opera,1
5401,rnsure,1
5402,nonsens,1
5403,stake,1
5404,gujarati,1
5405,throng,1
5406,constablew,1
5407,dayday,1
5408,dhuburi,1
5409,afghanistan,1
5410,decemb,1
5411,chao,1
5412,spokesperson,1
5413,contd,1
5414,fleec,1
5415,capabl,1
5416,unus,1
5417,remedesevir,1
5418,adminst,1
5419,opin,1
5420,eventu,1
5421,anticipational,1
5422,kpme,1
5423,hospitalspeopl,1
5424,hmm,1
5425,proceed,1
5426,offenc,1
5427,solddon,1
5428,hysteria,1
5429,invigil,1
5430,victoria,1
5431,unknown,1
5432,amphb,1
5433,abat,1
5434,evolv,1
5435,haridwar,1
5436,ramakrishna,1
5437,sewashrama,1
5438,sukhdev,1
5439,savita,1
5440,herb,1
5441,kadiyam,1
5442,portionsbut,1
5443,ukaad,1
5444,phekeng,1
5445,dhankar,1
5446,relativesattend,1
5447,kenya,1
5448,injectionsal,1
5449,kenyaa,1
5450,overboard,1
5451,plasma,1
5452,remdesivira,1
5453,experiment,1
5454,romanc,1
5455,anticoagulantssens,1
5456,straightforward,1
5457,routin,1
5458,orderedful,1
5459,tocilizumabn,1
5460,delhigovt,1
5461,covidmedicin,1
5462,covidwav,1
5463,pitza,1
5464,cilind,1
5465,regim,1
5466,bilkulif,1
5467,spoil,1
5468,cheap,1
5469,float,1
5470,oxi,1
5471,cyl,1
5472,concentratorsampsel,1
5473,exorbit,1
5474,gstamp,1
5475,fuelpric,1
5476,indos,1
5477,specifi,1
5478,sitharaman,1
5479,antifung,1
5480,amphotericinb,1
5481,med,1
5482,slash,1
5483,grade,1
5484,dexamethason,1
5485,fabiflu,1
5486,karnataka,1
5487,drought,1
5488,amput,1
5489,hcq,1
5490,modifi,1
5491,bcg,1
5492,ivermectinetc,1
5493,anil,1
5494,palta,1
5495,rajiv,1
5496,manish,1
5497,srishti,1
5498,ipc,1
5499,remdesivirventilatoroxygenicu,1
5500,bedambul,1
5501,shimlakasauli,1
5502,mussoorienainita,1
5503,rahe,1
5504,vaccinescr,1
5505,rucku,1
5506,tact,1
5507,hydroxychloroquin,1
5508,ropar,1
5509,crack,1
5510,multicror,1
5511,interst,1
5512,karthikeyan,1
5513,amphorecin,1
5514,goonda,1
5515,takensir,1
