,tweet,clean_tweet,hastags,attherate,urls,emojis,tokenized_Tweet,filteredToken,label
63,"""Over 85% of new COVID-19 cases are from six states across India""   https://t.co/h0Jyzm4JHm",new covid case state india ,[],[],['https://t.co/h0Jyzm4JHm'],[],"['over', 'of', 'new', 'covid', 'cases', 'are', 'six', 'states', 'across', 'india']","['new', 'covid', 'case', 'six', 'state', 'across', 'india']",1
81,04.02.2021 Recently #Covid_19+ve cases in India is showing declining trend.Rise in cases in the last 24 hrs is 12286. Total cases today is 11124527- recovery so far is 10826075 (97.03%); fatalities-157435 (1.41)&amp; active cases -173413(1.55%),recent case india show declin trendris case total case today recoveri far fatal activ case ,['#Covid_19+ve'],[],[],[],"['recently', 'cases', 'in', 'india', 'is', 'showing', 'declining', 'trendrise', 'in', 'cases', 'in', 'last', 'hrs', 'is', 'total', 'cases', 'today', 'is', 'recovery', 'so', 'far', 'is', 'fatalities', 'amp', 'active', 'cases']","['recently', 'case', 'india', 'showing', 'declining', 'trendrise', 'case', 'last', 'hr', 'total', 'case', 'today', 'recovery', 'far', 'fatality', 'amp', 'active', 'case']",1
98,06.02.2021 Recently #Covid_19+ve cases in India is showing declining trend.But rise in cases in the last 24 hrs is 18327 (higherer than yesterday).Total cases today is 11192088- recovery so far is 10854128 (97.98%); fatalities-157656 (1.41)&amp; active cases -180304(1.55%),recent case india show declin trendbut rise case higher yesterdaytot case today recoveri far fatal activ case ,['#Covid_19+ve'],[],[],[],"['recently', 'cases', 'in', 'india', 'is', 'showing', 'declining', 'trendbut', 'rise', 'in', 'cases', 'in', 'last', 'hrs', 'is', 'higherer', 'than', 'yesterday', 'total', 'cases', 'today', 'is', 'recovery', 'so', 'far', 'is', 'fatalities', 'amp', 'active', 'cases']","['recently', 'case', 'india', 'showing', 'declining', 'trendbut', 'rise', 'case', 'last', 'hr', 'higherer', 'yesterdaytotal', 'case', 'today', 'recovery', 'far', 'fatality', 'amp', 'active', 'case']",1
102,Karnataka had a total of 580 fresh #Covid_19 cases &amp; 5 deaths on Saturday. Bengaluru had 367 new  cases &amp; 3 deaths. Total tests 82229 +vty rate 0.70%. Overall covid deaths in State so far: 12359 Blr: 4496  @ChitraSundaram7 @scooban @Amit_A_Tiwari @dr_asr @SunithaNahar @sun_usind,karnataka total fresh case death saturday bengaluru new case death total test vti rate overal covid death state far blr ,['#Covid_19'],"['@ChitraSundaram7', '@scooban', '@Amit_A_Tiwari', '@dr_asr', '@SunithaNahar', '@sun_usind']",[],[],"['karnataka', 'had', 'a', 'total', 'of', 'fresh', 'cases', 'deaths', 'on', 'saturday', 'bengaluru', 'had', 'new', 'cases', 'deaths', 'total', 'tests', 'vty', 'rate', 'overall', 'covid', 'deaths', 'in', 'state', 'so', 'far', 'blr']","['karnataka', 'total', 'fresh', 'case', 'death', 'saturday', 'bengaluru', 'new', 'case', 'death', 'total', 'test', 'vty', 'rate', 'overall', 'covid', 'death', 'state', 'far', 'blr']",1
126,"Rajasthan reports 233 new COVID-19 cases and 114 recoveries in the last 24 hours, as per State Health Department. No new death reported during this period.  Total cases: 3,21,356 Total recoveries: 3,16,864 Active cases: 1,703 Death toll: 2,789  https://t.co/fDHbJ9h8GH",rajasthan report new covid case recoveri hour state health depart new death report period total case total recoveri activ case death toll ,[],[],['https://t.co/fDHbJ9h8GH'],[],"['rajasthan', 'reports', 'new', 'covid', 'cases', 'and', 'recoveries', 'in', 'last', 'hours', 'as', 'per', 'state', 'health', 'department', 'no', 'new', 'death', 'reported', 'during', 'this', 'period', 'total', 'cases', 'total', 'recoveries', 'active', 'cases', 'death', 'toll']","['rajasthan', 'report', 'new', 'covid', 'case', 'recovery', 'last', 'hour', 'per', 'state', 'health', 'department', 'new', 'death', 'reported', 'period', 'total', 'case', 'total', 'recovery', 'active', 'case', 'death', 'toll']",1
176,10.03.2021 Recently #Covid_19+ve cases in India is showing declining trend.But rise in cases in the last 24 hrs is 17921 slightly lower than yesterday. Total cases today is 11262707  -recovery so far is 10920046 (96.96%);fatalities - 158063 (1.40)&amp;active cases- 184598 (1.64%),recent case india show declin trendbut rise case slightli lower yesterday total case today recoveri far fatal ampact case ,['#Covid_19+ve'],[],[],[],"['recently', 'cases', 'in', 'india', 'is', 'showing', 'declining', 'trendbut', 'rise', 'in', 'cases', 'in', 'last', 'hrs', 'is', 'slightly', 'lower', 'than', 'yesterday', 'total', 'cases', 'today', 'is', 'recovery', 'so', 'far', 'is', 'fatalities', 'ampactive', 'cases']","['recently', 'case', 'india', 'showing', 'declining', 'trendbut', 'rise', 'case', 'last', 'hr', 'slightly', 'lower', 'yesterday', 'total', 'case', 'today', 'recovery', 'far', 'fatality', 'ampactive', 'case']",1
184,"Nagaland reported four new positive cases of COVID-19 on friday,adding the total cases to 12221. 3 positive patients have recovered, taking the total number of recovered cases to 11966 with recovery rate of 97.91 percent. At present, there are 10 active Cases in the state.",nagaland report new posit case covid fridayad total case posit patient recov total number recov case recoveri rate percent present activ case state ,[],[],[],[],"['nagaland', 'reported', 'four', 'new', 'positive', 'cases', 'of', 'covid', 'on', 'fridayadding', 'total', 'cases', 'to', 'positive', 'patients', 'have', 'recovered', 'taking', 'total', 'number', 'of', 'recovered', 'cases', 'to', 'with', 'recovery', 'rate', 'of', 'percent', 'at', 'present', 'there', 'are', 'active', 'cases', 'in', 'state']","['nagaland', 'reported', 'four', 'new', 'positive', 'case', 'covid', 'fridayadding', 'total', 'case', 'positive', 'patient', 'recovered', 'taking', 'total', 'number', 'recovered', 'case', 'recovery', 'rate', 'percent', 'present', 'active', 'case', 'state']",1
211,Getting grim. Bengaluru alone crosses 500 new #Covid_19 cases after months by recording 526 on Friday with 2 deaths. Karnataka had 833 cases &amp; 5 deaths. Total tests done: 73632 tests. +vity rate: 1.13% @ChitraSundaram7 @scooban @Amit_A_Tiwari @dr_asr @SunithaNahar @sun_usind,grim bengaluru cross new case month record friday death karnataka case death total test test viti rate ,['#Covid_19'],"['@ChitraSundaram7', '@scooban', '@Amit_A_Tiwari', '@dr_asr', '@SunithaNahar', '@sun_usind']",[],[],"['getting', 'grim', 'bengaluru', 'alone', 'crosses', 'new', 'cases', 'after', 'months', 'by', 'recording', 'on', 'friday', 'with', 'deaths', 'karnataka', 'had', 'cases', 'deaths', 'total', 'tests', 'done', 'tests', 'vity', 'rate']","['getting', 'grim', 'bengaluru', 'alone', 'cross', 'new', 'case', 'month', 'recording', 'friday', 'death', 'karnataka', 'case', 'death', 'total', 'test', 'done', 'test', 'vity', 'rate']",1
233,"#Pune reports 3,574 fresh COVID-19 cases, 1,577 recoveries, and 12 deaths in the last 24 hours   Active cases: 24,204 Total recoveries: 4,10,347 Death toll: 9,440  https://t.co/L1VXUqcfS3",report fresh covid case recoveri death hour activ case total recoveri death toll ,['#Pune'],[],['https://t.co/L1VXUqcfS3'],[],"['reports', 'fresh', 'covid', 'cases', 'recoveries', 'and', 'deaths', 'in', 'last', 'hours', 'active', 'cases', 'total', 'recoveries', 'death', 'toll']","['report', 'fresh', 'covid', 'case', 'recovery', 'death', 'last', 'hour', 'active', 'case', 'total', 'recovery', 'death', 'toll']",1
256,"#MAHARASHTRA REPORTED 17,864 FRESH CORONA CASES IN LAST 24HRS AND 87 PATIENTS DIED. 9,510 RECOVERED AND DISCHARGED.  MUMBAI REPORTED 1,922 FRESH CORONA CASES AND 4 PATIENTS DIED.  PUNE REPORTS 3,574 FRESH COVID-19 CASES, 1,577 RECOVERIES AND 12 DEATHS .",report fresh corona case patient die recov discharg mumbai report fresh corona case patient die pune report fresh covid case recoveri death ,['#MAHARASHTRA'],[],[],[],"['reported', 'fresh', 'corona', 'cases', 'in', 'last', 'hrs', 'and', 'patients', 'died', 'recovered', 'and', 'discharged', 'mumbai', 'reported', 'fresh', 'corona', 'cases', 'and', 'patients', 'died', 'pune', 'reports', 'fresh', 'covid', 'cases', 'recoveries', 'and', 'deaths']","['reported', 'fresh', 'corona', 'case', 'last', 'hr', 'patient', 'died', 'recovered', 'discharged', 'mumbai', 'reported', 'fresh', 'corona', 'case', 'patient', 'died', 'pune', 'report', 'fresh', 'covid', 'case', 'recovery', 'death']",1
287,"#MadhyaPradesh: Indore reports 309 fresh COVID-19 cases and 214 recoveries in the last 24 hours  Total cases: 63,510 Total recoveries: 60,606 Death toll: 944 Active cases: 1,960",indor report fresh covid case recoveri hour total case total recoveri death toll activ case ,['#MadhyaPradesh:'],[],[],[],"['indore', 'reports', 'fresh', 'covid', 'cases', 'and', 'recoveries', 'in', 'last', 'hours', 'total', 'cases', 'total', 'recoveries', 'death', 'toll', 'active', 'cases']","['indore', 'report', 'fresh', 'covid', 'case', 'recovery', 'last', 'hour', 'total', 'case', 'total', 'recovery', 'death', 'toll', 'active', 'case']",1
289,"#Maharashtra: #Aurangabad reported 1,557 fresh COVID-19 cases and 15 deaths yesterday   Total cases in the district: 62,992 Total recoveries: 53,039 Death toll: 1,383 Total active cases: 8,570",report fresh covid case death yesterday total case district total recoveri death toll total activ case ,"['#Maharashtra:', '#Aurangabad']",[],[],[],"['reported', 'fresh', 'covid', 'cases', 'and', 'deaths', 'yesterday', 'total', 'cases', 'in', 'district', 'total', 'recoveries', 'death', 'toll', 'total', 'active', 'cases']","['reported', 'fresh', 'covid', 'case', 'death', 'yesterday', 'total', 'case', 'district', 'total', 'recovery', 'death', 'toll', 'total', 'active', 'case']",1
304,"@Narendramodi_PM @PMOIndia @HMOIndia @AmitShah @digvijaya_28 @AmitShahOffice @NitishKumar @ArvindKejriwal @myogiadityanath @DrMohanBhagwat @narenderamodi_ @narendramodi @RSSorg @RSS_Org @KapilMishraAAP @arunjaitley @MamataOfficial @yadavtejashwi @yadavakhileshsp @GaurMalini @CMOMaharashtra @cmohry @CMOGuj @CMOUP_RC @CMORajsthan @Manekagandhibjp @GandhiSonia2013 @NarandraT @BJP4India @KailashOnline @ShatruganSinha @BeingSalmanKhan @SirPareshRawal @filmfare @akshaykumar @SUNILSHETTY @comindore @IndoreCollector @dmchhindwara @KamalNath_ @OfficeOfKNath @ashokgehlot51 @RahulGandhi @ChouhanShivraj @DGP_MP @hariips @ADG_INDORE_ZONE @naroo_mon @bhupendrasingho Madhya Pradesh: Indore reports 309 fresh COVID-19 cases and 214 recoveries in the last 24 hours  Total cases: 63,510 Total recoveries: 60,606 Death toll: 944 Active cases: 1,960  https://t.co/YwDnJDdV3A",madhya pradesh indor report fresh covid case recoveri hour total case total recoveri death toll activ case ,[],"['@Narendramodi_PM', '@PMOIndia', '@HMOIndia', '@AmitShah', '@digvijaya_28', '@AmitShahOffice', '@NitishKumar', '@ArvindKejriwal', '@myogiadityanath', '@DrMohanBhagwat', '@narenderamodi_', '@narendramodi', '@RSSorg', '@RSS_Org', '@KapilMishraAAP', '@arunjaitley', '@MamataOfficial', '@yadavtejashwi', '@yadavakhileshsp', '@GaurMalini', '@CMOMaharashtra', '@cmohry', '@CMOGuj', '@CMOUP_RC', '@CMORajsthan', '@Manekagandhibjp', '@GandhiSonia2013', '@NarandraT', '@BJP4India', '@KailashOnline', '@ShatruganSinha', '@BeingSalmanKhan', '@SirPareshRawal', '@filmfare', '@akshaykumar', '@SUNILSHETTY', '@comindore', '@IndoreCollector', '@dmchhindwara', '@KamalNath_', '@OfficeOfKNath', '@ashokgehlot51', '@RahulGandhi', '@ChouhanShivraj', '@DGP_MP', '@hariips', '@ADG_INDORE_ZONE', '@naroo_mon', '@bhupendrasingho']",['https://t.co/YwDnJDdV3A'],[],"['madhya', 'pradesh', 'indore', 'reports', 'fresh', 'covid', 'cases', 'and', 'recoveries', 'in', 'last', 'hours', 'total', 'cases', 'total', 'recoveries', 'death', 'toll', 'active', 'cases']","['madhya', 'pradesh', 'indore', 'report', 'fresh', 'covid', 'case', 'recovery', 'last', 'hour', 'total', 'case', 'total', 'recovery', 'death', 'toll', 'active', 'case']",1
306,"Madhya Pradesh: Indore reports 309 fresh COVID-19 cases and 214 recoveries in the last 24 hours  Total cases: 63,510 Total recoveries: 60,606 Death toll: 944 Active cases: 1,960",madhya pradesh indor report fresh covid case recoveri hour total case total recoveri death toll activ case ,[],[],[],[],"['madhya', 'pradesh', 'indore', 'reports', 'fresh', 'covid', 'cases', 'and', 'recoveries', 'in', 'last', 'hours', 'total', 'cases', 'total', 'recoveries', 'death', 'toll', 'active', 'cases']","['madhya', 'pradesh', 'indore', 'report', 'fresh', 'covid', 'case', 'recovery', 'last', 'hour', 'total', 'case', 'total', 'recovery', 'death', 'toll', 'active', 'case']",1
333,"Tamil Nadu reports 1,243 fresh COVID-19 cases, 634 discharges, and 8 deaths  Total cases: 8,65,693 Total discharges: 8,45,812 Active cases: 7,291 Death toll: 12,590  https://t.co/GVlVPkXLEe",tamil nadu report fresh covid case discharg death total case total discharg activ case death toll ,[],[],['https://t.co/GVlVPkXLEe'],[],"['tamil', 'nadu', 'reports', 'fresh', 'covid', 'cases', 'discharges', 'and', 'deaths', 'total', 'cases', 'total', 'discharges', 'active', 'cases', 'death', 'toll']","['tamil', 'nadu', 'report', 'fresh', 'covid', 'case', 'discharge', 'death', 'total', 'case', 'total', 'discharge', 'active', 'case', 'death', 'toll']",1
334,"Jharkhand reported 123 new COVID-19 cases and 54 recoveries yesterday, as per State Health Department   Total cases: 1,21,178 Active cases: 722 Total recoveries: 1,19,361 Death toll: 1,095",jharkhand report new covid case recoveri yesterday state health depart total case activ case total recoveri death toll ,[],[],[],[],"['jharkhand', 'reported', 'new', 'covid', 'cases', 'and', 'recoveries', 'yesterday', 'as', 'per', 'state', 'health', 'department', 'total', 'cases', 'active', 'cases', 'total', 'recoveries', 'death', 'toll']","['jharkhand', 'reported', 'new', 'covid', 'case', 'recovery', 'yesterday', 'per', 'state', 'health', 'department', 'total', 'case', 'active', 'case', 'total', 'recovery', 'death', 'toll']",1
424,JUST IN: Another 888 covid-19 cases and 7 deaths in Delhi over the last 24 hours. Positivity rate increases to 1.32%  https://t.co/hbR7wH6oGL,covid case death delhi hour posit rate increas ,[],[],['https://t.co/hbR7wH6oGL'],[],"['just', 'in', 'another', 'covid', 'cases', 'and', 'deaths', 'in', 'delhi', 'over', 'last', 'hours', 'positivity', 'rate', 'increases', 'to']","['in', 'another', 'covid', 'case', 'death', 'delhi', 'last', 'hour', 'positivity', 'rate', 'increase']",1
475,"Delhi records 1,254 new COVID-19 cases, highest in over 3 months; 6 deaths take toll to 10,973: Authorities",delhi record new covid case highest month death toll author ,[],[],[],[],"['delhi', 'records', 'new', 'covid', 'cases', 'highest', 'in', 'over', 'months', 'deaths', 'toll', 'to', 'authorities']","['delhi', 'record', 'new', 'covid', 'case', 'highest', 'month', 'death', 'toll', 'authority']",1
514,"Maharashtra: #Pune reports 7,090 fresh COVID-19 cases, 3,756 recoveries, and 37 deaths in the last 24 hours   Total cases: 4,99,784 Total recoveries: 4,37,185 Death toll: 9,761 Active cases: 53,008  https://t.co/VI60P9Brcs",maharashtra report fresh covid case recoveri death hour total case total recoveri death toll activ case ,['#Pune'],[],['https://t.co/VI60P9Brcs'],[],"['maharashtra', 'reports', 'fresh', 'covid', 'cases', 'recoveries', 'and', 'deaths', 'in', 'last', 'hours', 'total', 'cases', 'total', 'recoveries', 'death', 'toll', 'active', 'cases']","['maharashtra', 'report', 'fresh', 'covid', 'case', 'recovery', 'death', 'last', 'hour', 'total', 'case', 'total', 'recovery', 'death', 'toll', 'active', 'case']",1
515,"Delhi reports 1,534 new COVID-19 cases, 971 recoveries, and 9 deaths in the last 24 hours   Total cases: 6,54,276 Total recoveries: 6,37,238 Death toll: 10,987 Active cases: 6,051  https://t.co/BwUtK0D6FB",delhi report new covid case recoveri death hour total case total recoveri death toll activ case ,[],[],['https://t.co/BwUtK0D6FB'],[],"['delhi', 'reports', 'new', 'covid', 'cases', 'recoveries', 'and', 'deaths', 'in', 'last', 'hours', 'total', 'cases', 'total', 'recoveries', 'death', 'toll', 'active', 'cases']","['delhi', 'report', 'new', 'covid', 'case', 'recovery', 'death', 'last', 'hour', 'total', 'case', 'total', 'recovery', 'death', 'toll', 'active', 'case']",1
516,"#Chhattisgarh reports 2,665 fresh COVID-19 cases, 62 discharges, and 22 deaths in the last 24 hours  Total cases: 3,34,778 Total discharges: 3,15,423 Death toll: 4,048  Active cases: 15,307  https://t.co/COs2OjfPTg",report fresh covid case discharg death hour total case total discharg death toll activ case ,['#Chhattisgarh'],[],['https://t.co/COs2OjfPTg'],[],"['reports', 'fresh', 'covid', 'cases', 'discharges', 'and', 'deaths', 'in', 'last', 'hours', 'total', 'cases', 'total', 'discharges', 'death', 'toll', 'active', 'cases']","['report', 'fresh', 'covid', 'case', 'discharge', 'death', 'last', 'hour', 'total', 'case', 'total', 'discharge', 'death', 'toll', 'active', 'case']",1
529,"Covid-19 Lockdown 2021: Punjab reports 2,914 new cases, 59 deaths  https://t.co/18YK3oeQOP",covid lockdown punjab report new case death ,[],[],['https://t.co/18YK3oeQOP'],[],"['covid', 'lockdown', 'punjab', 'reports', 'new', 'cases', 'deaths']","['covid', 'lockdown', 'punjab', 'report', 'new', 'case', 'death']",1
533,"#Pune district reports 4,961 COVID-19 cases; 31 fatalities push death toll to 4,961",district report covid case fatal push death toll ,['#Pune'],[],[],[],"['district', 'reports', 'covid', 'cases', 'fatalities', 'push', 'death', 'toll', 'to']","['district', 'report', 'covid', 'case', 'fatality', 'push', 'death', 'toll']",1
638,Rise in COVID cases.  #COVID19 #AndhraPradesh #Visakhapatnam #Vizag #LocalwireApp #Localwire #Corona #Covid #WearMask #SocialDistance  https://t.co/zWw3YRxOYK,rise covid case ,"['#COVID19', '#AndhraPradesh', '#Visakhapatnam', '#Vizag', '#LocalwireApp', '#Localwire', '#Corona', '#Covid', '#WearMask', '#SocialDistance']",[],['https://t.co/zWw3YRxOYK'],[],"['rise', 'in', 'covid', 'cases']","['rise', 'covid', 'case']",1
794,"Haryana reports 4 COVID-19 fatalities, 336 new cases. Infection tally rises to 2,73,087, death toll 3,062. The number of active cases of the disease in the state stands at 2,263.#HaryanaNoConfidenceMotion #HaryanaGovernment #COVID #coronavirus @mlkhattar #Corona",haryana report covid fatal new case infect talli rise death toll number activ case diseas state stand ,"['#HaryanaGovernment', '#COVID', '#coronavirus', '#Corona']",['@mlkhattar'],[],[],"['haryana', 'reports', 'covid', 'fatalities', 'new', 'cases', 'infection', 'tally', 'rises', 'to', 'death', 'toll', 'number', 'of', 'active', 'cases', 'of', 'disease', 'in', 'state', 'stands', 'at']","['haryana', 'report', 'covid', 'fatality', 'new', 'case', 'infection', 'tally', 'rise', 'death', 'toll', 'number', 'active', 'case', 'disease', 'state', 'stand']",1
805,"Haryana reports 4 COVID-19 fatalities, 336 new cases. Infection tally rises to 2,73,087, death toll 3,062. The number of active cases of the disease in the state stands at 2,263.#HaryanaNoConfidenceMotion #HaryanaGovernment #COVID #coronavirus @mlkhattar #Corona",haryana report covid fatal new case infect talli rise death toll number activ case diseas state stand ,"['#HaryanaGovernment', '#COVID', '#coronavirus', '#Corona']",['@mlkhattar'],[],[],"['haryana', 'reports', 'covid', 'fatalities', 'new', 'cases', 'infection', 'tally', 'rises', 'to', 'death', 'toll', 'number', 'of', 'active', 'cases', 'of', 'disease', 'in', 'state', 'stands', 'at']","['haryana', 'report', 'covid', 'fatality', 'new', 'case', 'infection', 'tally', 'rise', 'death', 'toll', 'number', 'active', 'case', 'disease', 'state', 'stand']",1
903,"#India reports 12,286 new #COVID19 cases, 12,464 discharges and 91 deaths in the last 24 hours, as per the  Union Health Ministry   Total cases: 1,11,24,527 Total discharges: 1,07,98,921 Death toll: 1,57,248 Active cases: 1,68,358   Total Vaccination: 1,48,54,136  #StaySafe  https://t.co/ntWiQJgnQO",report new case discharg death hour union health ministri total case total discharg death toll activ case total vaccin ,"['#India', '#COVID19', '#StaySafe']",[],['https://t.co/ntWiQJgnQO'],[],"['reports', 'new', 'cases', 'discharges', 'and', 'deaths', 'in', 'last', 'hours', 'as', 'per', 'union', 'health', 'ministry', 'total', 'cases', 'total', 'discharges', 'death', 'toll', 'active', 'cases', 'total', 'vaccination']","['report', 'new', 'case', 'discharge', 'death', 'last', 'hour', 'per', 'union', 'health', 'ministry', 'total', 'case', 'total', 'discharge', 'death', 'toll', 'active', 'case', 'total', 'vaccination']",1
966,07.03.2021 Recently #Covid_19+ve cases in India is showing declining trend.But rise in cases in the last 24 hrs is 18711slightly higher than yesterday(18327). Total cases today is11210799  -recovery so far is 10868520 (97.95%);fatalities -157756 (1.41)&amp;active cases-184523 (1.55%),recent case india show declin trendbut rise case slightli higher yesterday total case today recoveri far fatal ampact case ,['#Covid_19+ve'],[],[],[],"['recently', 'cases', 'in', 'india', 'is', 'showing', 'declining', 'trendbut', 'rise', 'in', 'cases', 'in', 'last', 'hrs', 'is', 'slightly', 'higher', 'than', 'yesterday', 'total', 'cases', 'today', 'is', 'recovery', 'so', 'far', 'is', 'fatalities', 'ampactive', 'cases']","['recently', 'case', 'india', 'showing', 'declining', 'trendbut', 'rise', 'case', 'last', 'hr', 'slightly', 'higher', 'yesterday', 'total', 'case', 'today', 'recovery', 'far', 'fatality', 'ampactive', 'case']",1
980,"Maharashtra: #Pune reported 2,515 new #COVID19 cases, 1,335 recoveries, and 11 deaths in the last 24 hours, as per Pune Zilha Parishad   Total cases: 4,25,504 Total recoveries: 4,00,645 Active cases: 15,687 Death toll: 9,341  https://t.co/7KMn97JU8J",maharashtra report new case recoveri death hour pune zilha parishad total case total recoveri activ case death toll ,"['#Pune', '#COVID19']",[],['https://t.co/7KMn97JU8J'],[],"['maharashtra', 'reported', 'new', 'cases', 'recoveries', 'and', 'deaths', 'in', 'last', 'hours', 'as', 'per', 'pune', 'zilha', 'parishad', 'total', 'cases', 'total', 'recoveries', 'active', 'cases', 'death', 'toll']","['maharashtra', 'reported', 'new', 'case', 'recovery', 'death', 'last', 'hour', 'per', 'pune', 'zilha', 'parishad', 'total', 'case', 'total', 'recovery', 'active', 'case', 'death', 'toll']",1
985,10.03.2021 Recently #Covid_19+ve cases in India is showing declining trend.But rise in cases in the last 24 hrs is 17921 slightly lower than yesterday. Total cases today is 11262707  -recovery so far is 10920046 (96.96%);fatalities - 158063 (1.40)&amp;active cases- 184598 (1.64%),recent case india show declin trendbut rise case slightli lower yesterday total case today recoveri far fatal ampact case ,['#Covid_19+ve'],[],[],[],"['recently', 'cases', 'in', 'india', 'is', 'showing', 'declining', 'trendbut', 'rise', 'in', 'cases', 'in', 'last', 'hrs', 'is', 'slightly', 'lower', 'than', 'yesterday', 'total', 'cases', 'today', 'is', 'recovery', 'so', 'far', 'is', 'fatalities', 'ampactive', 'cases']","['recently', 'case', 'india', 'showing', 'declining', 'trendbut', 'rise', 'case', 'last', 'hr', 'slightly', 'lower', 'yesterday', 'total', 'case', 'today', 'recovery', 'far', 'fatality', 'ampactive', 'case']",1
987,"2,475 fresh COVID19 cases and 4,192 recoveries reported in Kerala today.  Total active cases: 35,418 Recovered cases: 10,43,473  https://t.co/2KhWQbZXqo",fresh covid case recoveri report kerala today total activ case recov case ,[],[],['https://t.co/2KhWQbZXqo'],[],"['fresh', 'covid', 'cases', 'and', 'recoveries', 'reported', 'in', 'kerala', 'today', 'total', 'active', 'cases', 'recovered', 'cases']","['fresh', 'covid', 'case', 'recovery', 'reported', 'kerala', 'today', 'total', 'active', 'case', 'recovered', 'case']",1
989,"Karnataka reports 760 new #COVID19 cases, 331 recoveries and 6 deaths in the last 24 hours.   Total cases: 9,56,801 Total recoveries: 9,36,947 Death toll: 12,379 Active cases: 7,456  https://t.co/FZaHguGvIe",karnataka report new case recoveri death hour total case total recoveri death toll activ case ,['#COVID19'],[],['https://t.co/FZaHguGvIe'],[],"['karnataka', 'reports', 'new', 'cases', 'recoveries', 'and', 'deaths', 'in', 'last', 'hours', 'total', 'cases', 'total', 'recoveries', 'death', 'toll', 'active', 'cases']","['karnataka', 'report', 'new', 'case', 'recovery', 'death', 'last', 'hour', 'total', 'case', 'total', 'recovery', 'death', 'toll', 'active', 'case']",1
990,"#Maharashtra reports 13,659 new #COVID19 cases, 9,913 discharges and 54 deaths in the last 24 hours.  Total cases: 22,52,057 Total recoveries 20,99,207  Death toll 52,610 Active cases 99,008  https://t.co/bPmrP1Frg0",report new case discharg death hour total case total recoveri death toll activ case ,"['#Maharashtra', '#COVID19']",[],['https://t.co/bPmrP1Frg0'],[],"['reports', 'new', 'cases', 'discharges', 'and', 'deaths', 'in', 'last', 'hours', 'total', 'cases', 'total', 'recoveries', 'death', 'toll', 'active', 'cases']","['report', 'new', 'case', 'discharge', 'death', 'last', 'hour', 'total', 'case', 'total', 'recovery', 'death', 'toll', 'active', 'case']",1
991,"#Maharashtra reports 13,659 new #COVID19 cases and 54 deaths in 24 hours. Total cases rise to 22,52,057, death toll stands at 52,610",report new case death hour total case rise death toll stand ,"['#Maharashtra', '#COVID19']",[],[],[],"['reports', 'new', 'cases', 'and', 'deaths', 'in', 'hours', 'total', 'cases', 'rise', 'to', 'death', 'toll', 'stands', 'at']","['report', 'new', 'case', 'death', 'hour', 'total', 'case', 'rise', 'death', 'toll', 'stand']",1
1005,"Over 21000 #Covid cases and 114 deaths across the country today. First time in months that more than 20,000 cases have been reported in a single day. #COVID19 #India #TamilNadu #Chennai #Subash",case death countri today time month case report singl day ,"['#Covid', '#COVID19', '#India', '#TamilNadu', '#Chennai', '#Subash']",[],[],[],"['over', 'cases', 'and', 'deaths', 'across', 'country', 'today', 'first', 'time', 'in', 'months', 'that', 'more', 'than', 'cases', 'have', 'been', 'reported', 'in', 'a', 'single', 'day']","['case', 'death', 'across', 'country', 'today', 'first', 'time', 'month', 'case', 'reported', 'single', 'day']",1
1023,"Nagaland reported four new positive cases of COVID-19 on friday,adding the total cases to 12221. 3 positive patients have recovered, taking the total number of recovered cases to 11966 with recovery rate of 97.91 percent. At present, there are 10 active Cases in the state.",nagaland report new posit case covid fridayad total case posit patient recov total number recov case recoveri rate percent present activ case state ,[],[],[],[],"['nagaland', 'reported', 'four', 'new', 'positive', 'cases', 'of', 'covid', 'on', 'fridayadding', 'total', 'cases', 'to', 'positive', 'patients', 'have', 'recovered', 'taking', 'total', 'number', 'of', 'recovered', 'cases', 'to', 'with', 'recovery', 'rate', 'of', 'percent', 'at', 'present', 'there', 'are', 'active', 'cases', 'in', 'state']","['nagaland', 'reported', 'four', 'new', 'positive', 'case', 'covid', 'fridayadding', 'total', 'case', 'positive', 'patient', 'recovered', 'taking', 'total', 'number', 'recovered', 'case', 'recovery', 'rate', 'percent', 'present', 'active', 'case', 'state']",1
1031,"#Maharashtra reports 15,817 new #COVID19 cases, 11,344 discharges and 56 deaths in last 24 hours.  Total cases 22,82,191 Total recoveries 21,17,744 Death toll 52,723  Active cases 1,10,485  https://t.co/90ubiGOqlO",report new case discharg death hour total case total recoveri death toll activ case ,"['#Maharashtra', '#COVID19']",[],['https://t.co/90ubiGOqlO'],[],"['reports', 'new', 'cases', 'discharges', 'and', 'deaths', 'in', 'last', 'hours', 'total', 'cases', 'total', 'recoveries', 'death', 'toll', 'active', 'cases']","['report', 'new', 'case', 'discharge', 'death', 'last', 'hour', 'total', 'case', 'total', 'recovery', 'death', 'toll', 'active', 'case']",1
1038,"#Pune reports 3,267 fresh COVID-19 cases, 1,830 recoveries, and 25 deaths in the last 24 hours   Active cases: 21,730 Total recoveries: 4,06,894 Death toll: 9,413  https://t.co/leQo2E7Htb",report fresh covid case recoveri death hour activ case total recoveri death toll ,['#Pune'],[],['https://t.co/leQo2E7Htb'],[],"['reports', 'fresh', 'covid', 'cases', 'recoveries', 'and', 'deaths', 'in', 'last', 'hours', 'active', 'cases', 'total', 'recoveries', 'death', 'toll']","['report', 'fresh', 'covid', 'case', 'recovery', 'death', 'last', 'hour', 'active', 'case', 'total', 'recovery', 'death', 'toll']",1
1039,"Maharashtra reports 16,620 new COVID-19 cases, 8,861 discharges, and 50 deaths in the last 24 hours  Total cases: 23,14,413 Total discharges: 21,34,072 Death toll: 52,861 Active cases: 1,26,231  https://t.co/YqBCxoRevP",maharashtra report new covid case discharg death hour total case total discharg death toll activ case ,[],[],['https://t.co/YqBCxoRevP'],[],"['maharashtra', 'reports', 'new', 'covid', 'cases', 'discharges', 'and', 'deaths', 'in', 'last', 'hours', 'total', 'cases', 'total', 'discharges', 'death', 'toll', 'active', 'cases']","['maharashtra', 'report', 'new', 'covid', 'case', 'discharge', 'death', 'last', 'hour', 'total', 'case', 'total', 'discharge', 'death', 'toll', 'active', 'case']",1
1040,"Maharashtra: #Nagpur reports 2,252 new #COVID19 cases, 1,033 recoveries &amp; 12 deaths in last 24 hours, as per Civil Surgeon Nagpur   Total cases: 1,70,502 Total recoveries: 1,49,413 Active cases: 16,630 Death toll: 4,459  A week-long lockdown will be imposed in city from tomorrow  https://t.co/HeP32QkCSB",maharashtra report new case recoveri death hour civil surgeon nagpur total case total recoveri activ case death toll weeklong lockdown impos citi tomorrow ,"['#Nagpur', '#COVID19']",[],['https://t.co/HeP32QkCSB'],[],"['maharashtra', 'reports', 'new', 'cases', 'recoveries', 'deaths', 'in', 'last', 'hours', 'as', 'per', 'civil', 'surgeon', 'nagpur', 'total', 'cases', 'total', 'recoveries', 'active', 'cases', 'death', 'toll', 'a', 'weeklong', 'lockdown', 'will', 'imposed', 'in', 'city', 'tomorrow']","['maharashtra', 'report', 'new', 'case', 'recovery', 'death', 'last', 'hour', 'per', 'civil', 'surgeon', 'nagpur', 'total', 'case', 'total', 'recovery', 'active', 'case', 'death', 'toll', 'weeklong', 'lockdown', 'imposed', 'city', 'tomorrow']",1
1073,"#Pune reports 3,574 fresh COVID-19 cases, 1,577 recoveries, and 12 deaths in the last 24 hours   Active cases: 24,204 Total recoveries: 4,10,347 Death toll: 9,440  https://t.co/L1VXUqcfS3",report fresh covid case recoveri death hour activ case total recoveri death toll ,['#Pune'],[],['https://t.co/L1VXUqcfS3'],[],"['reports', 'fresh', 'covid', 'cases', 'recoveries', 'and', 'deaths', 'in', 'last', 'hours', 'active', 'cases', 'total', 'recoveries', 'death', 'toll']","['report', 'fresh', 'covid', 'case', 'recovery', 'death', 'last', 'hour', 'active', 'case', 'total', 'recovery', 'death', 'toll']",1
1085,"Andhra Pradesh reports 218 new #COVID19 cases and 117 recoveries in the last 24 hours, no deaths reported.  Total cases 8,92,740 Total recoveries 8,83,759 Death toll 7186  Active cases 1795  https://t.co/503K6FyAYX",andhra pradesh report new case recoveri hour death report total case total recoveri death toll activ case ,['#COVID19'],[],['https://t.co/503K6FyAYX'],[],"['andhra', 'pradesh', 'reports', 'new', 'cases', 'and', 'recoveries', 'in', 'last', 'hours', 'no', 'deaths', 'reported', 'total', 'cases', 'total', 'recoveries', 'death', 'toll', 'active', 'cases']","['andhra', 'pradesh', 'report', 'new', 'case', 'recovery', 'last', 'hour', 'death', 'reported', 'total', 'case', 'total', 'recovery', 'death', 'toll', 'active', 'case']",1
1087,"#Maharashtra: #Nagpur district reported 3,796 new #COVID19 cases, 1,277 recoveries, and 23 deaths in the last 24 hours, as per Civil Surgeon  Total cases: 1,82,552 Total recoveries: 1,54,410 Active cases: 23,614 Death toll: 4,528",district report new case recoveri death hour civil surgeon total case total recoveri activ case death toll ,"['#Maharashtra:', '#Nagpur', '#COVID19']",[],[],[],"['district', 'reported', 'new', 'cases', 'recoveries', 'and', 'deaths', 'in', 'last', 'hours', 'as', 'per', 'civil', 'surgeon', 'total', 'cases', 'total', 'recoveries', 'active', 'cases', 'death', 'toll']","['district', 'reported', 'new', 'case', 'recovery', 'death', 'last', 'hour', 'per', 'civil', 'surgeon', 'total', 'case', 'total', 'recovery', 'active', 'case', 'death', 'toll']",1
1088,"#Goa reports 98 new #COVID19 cases, one death and 41 recoveries in the last 24 hours. Total cases in the state rise to 56,271, including 54,597 recoveries and 813 deaths. Active cases stand at 861: Directorate of Health Services, Goa  https://t.co/61MsyH2kKV",report new case death recoveri hour total case state rise includ recoveri death activ case stand director health servic goa ,"['#Goa', '#COVID19']",[],['https://t.co/61MsyH2kKV'],[],"['reports', 'new', 'cases', 'one', 'death', 'and', 'recoveries', 'in', 'last', 'hours', 'total', 'cases', 'in', 'state', 'rise', 'to', 'including', 'recoveries', 'and', 'deaths', 'active', 'cases', 'stand', 'at', 'directorate', 'of', 'health', 'services', 'goa']","['report', 'new', 'case', 'one', 'death', 'recovery', 'last', 'hour', 'total', 'case', 'state', 'rise', 'including', 'recovery', 'death', 'active', 'case', 'stand', 'directorate', 'health', 'service', 'goa']",1
1089,"Chandigarh reports 211 new #COVID19 cases taking the total number of cases to 23,803.   Number of active cases now at 1,466 and death toll stands at 359: Health Department, Chandigarh  https://t.co/BYaaMwFoWP",chandigarh report new case total number case number activ case death toll stand health depart chandigarh ,['#COVID19'],[],['https://t.co/BYaaMwFoWP'],[],"['chandigarh', 'reports', 'new', 'cases', 'taking', 'total', 'number', 'of', 'cases', 'to', 'number', 'of', 'active', 'cases', 'now', 'at', 'and', 'death', 'toll', 'stands', 'at', 'health', 'department', 'chandigarh']","['chandigarh', 'report', 'new', 'case', 'taking', 'total', 'number', 'case', 'number', 'active', 'case', 'death', 'toll', 'stand', 'health', 'department', 'chandigarh']",1
1091,"#MadhyaPradesh: Indore reports 309 fresh COVID-19 cases and 214 recoveries in the last 24 hours  Total cases: 63,510 Total recoveries: 60,606 Death toll: 944 Active cases: 1,960",indor report fresh covid case recoveri hour total case total recoveri death toll activ case ,['#MadhyaPradesh:'],[],[],[],"['indore', 'reports', 'fresh', 'covid', 'cases', 'and', 'recoveries', 'in', 'last', 'hours', 'total', 'cases', 'total', 'recoveries', 'death', 'toll', 'active', 'cases']","['indore', 'report', 'fresh', 'covid', 'case', 'recovery', 'last', 'hour', 'total', 'case', 'total', 'recovery', 'death', 'toll', 'active', 'case']",1
1093,"#Maharashtra: #Aurangabad reported 1,557 fresh COVID-19 cases and 15 deaths yesterday   Total cases in the district: 62,992 Total recoveries: 53,039 Death toll: 1,383 Total active cases: 8,570",report fresh covid case death yesterday total case district total recoveri death toll total activ case ,"['#Maharashtra:', '#Aurangabad']",[],[],[],"['reported', 'fresh', 'covid', 'cases', 'and', 'deaths', 'yesterday', 'total', 'cases', 'in', 'district', 'total', 'recoveries', 'death', 'toll', 'total', 'active', 'cases']","['reported', 'fresh', 'covid', 'case', 'death', 'yesterday', 'total', 'case', 'district', 'total', 'recovery', 'death', 'toll', 'total', 'active', 'case']",1
1094,"#Mumbai reports 2,877 new #COVID19 cases, 1,193 recoveries, and eight deaths, as per Brihanmumbai Municipal Corporation  Total cases: 3,52,835 Total recoveries: 3,21,947 Active patients: 18,424 Deaths: 11,555  https://t.co/DuTdRBjqLX",report new case recoveri death brihanmumbai municip corpor total case total recoveri activ patient death ,"['#Mumbai', '#COVID19']",[],['https://t.co/DuTdRBjqLX'],[],"['reports', 'new', 'cases', 'recoveries', 'and', 'eight', 'deaths', 'as', 'per', 'brihanmumbai', 'municipal', 'corporation', 'total', 'cases', 'total', 'recoveries', 'active', 'patients', 'deaths']","['report', 'new', 'case', 'recovery', 'eight', 'death', 'per', 'brihanmumbai', 'municipal', 'corporation', 'total', 'case', 'total', 'recovery', 'active', 'patient', 'death']",1
1095,"#Maharashtra reports 25,833 new #COVID19 cases, 12,764 discharges and 58 deaths in the last 24 hours  Total cases: 23,96,340 Total discharges: 21,75,565 Active cases: 1,66,353 Death toll: 53,138  https://t.co/wLKz6Yvoyj",report new case discharg death hour total case total discharg activ case death toll ,"['#Maharashtra', '#COVID19']",[],['https://t.co/wLKz6Yvoyj'],[],"['reports', 'new', 'cases', 'discharges', 'and', 'deaths', 'in', 'last', 'hours', 'total', 'cases', 'total', 'discharges', 'active', 'cases', 'death', 'toll']","['report', 'new', 'case', 'discharge', 'death', 'last', 'hour', 'total', 'case', 'total', 'discharge', 'active', 'case', 'death', 'toll']",1
1098,"Tamil Nadu records 989 new #COVID19 infections, nine fatalities, 569 recoveries. Infection tally rises to 8.63 lakh, death toll 12,573. There are 6,222 active cases of the disease in the state.",tamil nadu record new infect fatal recoveri infect talli rise lakh death toll activ case diseas state ,['#COVID19'],[],[],[],"['tamil', 'nadu', 'records', 'new', 'infections', 'nine', 'fatalities', 'recoveries', 'infection', 'tally', 'rises', 'to', 'lakh', 'death', 'toll', 'there', 'are', 'active', 'cases', 'of', 'disease', 'in', 'state']","['tamil', 'nadu', 'record', 'new', 'infection', 'nine', 'fatality', 'recovery', 'infection', 'tally', 'rise', 'lakh', 'death', 'toll', 'active', 'case', 'disease', 'state']",1
1100,"Madhya Pradesh reports 917 new #COVID19 cases, 500 recoveries, one fatality. Infection tally rises to 2,71,957, death toll 3,894. Number of active cases of the disease in the state stands at 6,032.",madhya pradesh report new case recoveri fatal infect talli rise death toll number activ case diseas state stand ,['#COVID19'],[],[],[],"['madhya', 'pradesh', 'reports', 'new', 'cases', 'recoveries', 'one', 'fatality', 'infection', 'tally', 'rises', 'to', 'death', 'toll', 'number', 'of', 'active', 'cases', 'of', 'disease', 'in', 'state', 'stands', 'at']","['madhya', 'pradesh', 'report', 'new', 'case', 'recovery', 'one', 'fatality', 'infection', 'tally', 'rise', 'death', 'toll', 'number', 'active', 'case', 'disease', 'state', 'stand']",1
1101,"Jammu and Kashmir reports 140 new #COVID19 cases, one fatality. Infection tally rises to 1,28,097, death toll 1,978. The number of active cases of the disease in the union territory stands at 1,073.",jammu kashmir report new case fatal infect talli rise death toll number activ case diseas union territori stand ,['#COVID19'],[],[],[],"['jammu', 'and', 'kashmir', 'reports', 'new', 'cases', 'one', 'fatality', 'infection', 'tally', 'rises', 'to', 'death', 'toll', 'number', 'of', 'active', 'cases', 'of', 'disease', 'in', 'union', 'territory', 'stands', 'at']","['jammu', 'kashmir', 'report', 'new', 'case', 'one', 'fatality', 'infection', 'tally', 'rise', 'death', 'toll', 'number', 'active', 'case', 'disease', 'union', 'territory', 'stand']",1
1103,"#Mumbai reports 2,877 new #Covid19 cases eight deaths; tally rises to 3,52,835, toll jumps to 11,555: BMC (ANI) #CoronavirusOutbreak #coronavirusindia",report new case death talli rise toll jump bmc ani ,"['#Mumbai', '#Covid19', '#CoronavirusOutbreak', '#coronavirusindia']",[],[],[],"['reports', 'new', 'cases', 'eight', 'deaths', 'tally', 'rises', 'to', 'toll', 'jumps', 'to', 'bmc', 'ani']","['report', 'new', 'case', 'eight', 'death', 'tally', 'rise', 'toll', 'jump', 'bmc', 'ani']",1
1115,"@Narendramodi_PM @PMOIndia @HMOIndia @AmitShah @digvijaya_28 @AmitShahOffice @NitishKumar @ArvindKejriwal @myogiadityanath @DrMohanBhagwat @narenderamodi_ @narendramodi @RSSorg @RSS_Org @KapilMishraAAP @arunjaitley @MamataOfficial @yadavtejashwi @yadavakhileshsp @GaurMalini @CMOMaharashtra @cmohry @CMOGuj @CMOUP_RC @CMORajsthan @Manekagandhibjp @GandhiSonia2013 @NarandraT @BJP4India @KailashOnline @ShatruganSinha @BeingSalmanKhan @SirPareshRawal @filmfare @akshaykumar @SUNILSHETTY @comindore @IndoreCollector @dmchhindwara @KamalNath_ @OfficeOfKNath @ashokgehlot51 @RahulGandhi @ChouhanShivraj @DGP_MP @hariips @ADG_INDORE_ZONE @naroo_mon @bhupendrasingho Madhya Pradesh: Indore reports 309 fresh COVID-19 cases and 214 recoveries in the last 24 hours  Total cases: 63,510 Total recoveries: 60,606 Death toll: 944 Active cases: 1,960  https://t.co/YwDnJDdV3A",madhya pradesh indor report fresh covid case recoveri hour total case total recoveri death toll activ case ,[],"['@Narendramodi_PM', '@PMOIndia', '@HMOIndia', '@AmitShah', '@digvijaya_28', '@AmitShahOffice', '@NitishKumar', '@ArvindKejriwal', '@myogiadityanath', '@DrMohanBhagwat', '@narenderamodi_', '@narendramodi', '@RSSorg', '@RSS_Org', '@KapilMishraAAP', '@arunjaitley', '@MamataOfficial', '@yadavtejashwi', '@yadavakhileshsp', '@GaurMalini', '@CMOMaharashtra', '@cmohry', '@CMOGuj', '@CMOUP_RC', '@CMORajsthan', '@Manekagandhibjp', '@GandhiSonia2013', '@NarandraT', '@BJP4India', '@KailashOnline', '@ShatruganSinha', '@BeingSalmanKhan', '@SirPareshRawal', '@filmfare', '@akshaykumar', '@SUNILSHETTY', '@comindore', '@IndoreCollector', '@dmchhindwara', '@KamalNath_', '@OfficeOfKNath', '@ashokgehlot51', '@RahulGandhi', '@ChouhanShivraj', '@DGP_MP', '@hariips', '@ADG_INDORE_ZONE', '@naroo_mon', '@bhupendrasingho']",['https://t.co/YwDnJDdV3A'],[],"['madhya', 'pradesh', 'indore', 'reports', 'fresh', 'covid', 'cases', 'and', 'recoveries', 'in', 'last', 'hours', 'total', 'cases', 'total', 'recoveries', 'death', 'toll', 'active', 'cases']","['madhya', 'pradesh', 'indore', 'report', 'fresh', 'covid', 'case', 'recovery', 'last', 'hour', 'total', 'case', 'total', 'recovery', 'death', 'toll', 'active', 'case']",1
1118,"Madhya Pradesh: Indore reports 309 fresh COVID-19 cases and 214 recoveries in the last 24 hours  Total cases: 63,510 Total recoveries: 60,606 Death toll: 944 Active cases: 1,960",madhya pradesh indor report fresh covid case recoveri hour total case total recoveri death toll activ case ,[],[],[],[],"['madhya', 'pradesh', 'indore', 'reports', 'fresh', 'covid', 'cases', 'and', 'recoveries', 'in', 'last', 'hours', 'total', 'cases', 'total', 'recoveries', 'death', 'toll', 'active', 'cases']","['madhya', 'pradesh', 'indore', 'report', 'fresh', 'covid', 'case', 'recovery', 'last', 'hour', 'total', 'case', 'total', 'recovery', 'death', 'toll', 'active', 'case']",1
1138,"#COVID19   3495 Cases; 61 Deaths  Tests 44,377  üëπPositivity 7.9%  üë∫üë∫üë∫Last 24 hours report 17th March 21üë∫üë∫  https://t.co/ELkoD3ZPDD",case death test posit hour report march ,['#COVID19'],[],['https://t.co/ELkoD3ZPDD'],"['üëπ', 'üë∫', 'üë∫', 'üë∫', 'üë∫', 'üë∫']","['cases', 'deaths', 'tests', 'positivity', 'last', 'hours', 'report', 'th', 'march']","['case', 'death', 'test', 'positivity', 'last', 'hour', 'report', 'th', 'march']",1
1139,Clearly surging. Karnataka had 1488 fresh #COVID19 cases on Wednesday with 8 deaths. It was 1275 cases &amp; 4 deaths on Tue. B'luru had 7 deaths &amp; 925 cases on Wed while it was 786 cases &amp; 3 deaths on Tue (sorry couldn't upload y'day due to travel).,clearli surg karnataka fresh case wednesday death case death tue bluru death case wed case death tue sorri couldnt upload yday travel ,['#COVID19'],[],[],[],"['clearly', 'surging', 'karnataka', 'had', 'fresh', 'cases', 'on', 'wednesday', 'with', 'deaths', 'it', 'was', 'cases', 'deaths', 'on', 'tue', 'bluru', 'had', 'deaths', 'cases', 'on', 'wed', 'while', 'it', 'was', 'cases', 'deaths', 'on', 'tue', 'sorry', 'couldnt', 'upload', 'yday', 'due', 'to', 'travel']","['clearly', 'surging', 'karnataka', 'fresh', 'case', 'wednesday', 'death', 'case', 'death', 'tue', 'bluru', 'death', 'case', 'wed', 'case', 'death', 'tue', 'sorry', 'couldnt', 'upload', 'yday', 'due', 'travel']",1
1151,"#TamilNadu | #COVID19 |  20 Mar  ‚óè TN - 1,243  ‚óè Total Cases  - 8,65,693  ‚óè Chennai - 458  ‚óè Today's  Discharged - 634  ‚óè Today's Deaths - 08  #TNCoronaUpdates  #COVID19 #COVID19India #India #TamilNadu #Chennai #Subash",mar total case chennai today discharg today death ,"['#TamilNadu', '#COVID19', '#TNCoronaUpdates', '#COVID19', '#COVID19India', '#India', '#TamilNadu', '#Chennai', '#Subash']",[],[],[],"['mar', '‚óè', 'tn', '‚óè', 'total', 'cases', '‚óè', 'chennai', '‚óè', 'todays', 'discharged', '‚óè', 'todays', 'deaths']","['mar', '‚óè', 'tn', '‚óè', 'total', 'case', '‚óè', 'chennai', '‚óè', 'today', 'discharged', '‚óè', 'today', 'death']",1
1157,"#Gujarat on Saturday reported 1,565 new #COVID19 cases, pushing the tally to 2,85,429, while the death toll reached 4,443 with six more fatalities, health officials said.  https://t.co/pXZNjFNZGT",saturday report new case push talli death toll reach fatal health offici ,"['#Gujarat', '#COVID19']",[],['https://t.co/pXZNjFNZGT'],[],"['on', 'saturday', 'reported', 'new', 'cases', 'pushing', 'tally', 'to', 'while', 'death', 'toll', 'reached', 'with', 'six', 'more', 'fatalities', 'health', 'officials', 'said']","['saturday', 'reported', 'new', 'case', 'pushing', 'tally', 'death', 'toll', 'reached', 'six', 'fatality', 'health', 'official', 'said']",1
1158,"#Delhi reports 813 new #COVID19 cases, 567 recoveries and 2 deaths in the last 24 hours.  Total cases 6,47,161 Total recoveries 6,32,797 Death toll 10,955  Active cases 3,409  https://t.co/z1rKUaVwPm",report new case recoveri death hour total case total recoveri death toll activ case ,"['#Delhi', '#COVID19']",[],['https://t.co/z1rKUaVwPm'],[],"['reports', 'new', 'cases', 'recoveries', 'and', 'deaths', 'in', 'last', 'hours', 'total', 'cases', 'total', 'recoveries', 'death', 'toll', 'active', 'cases']","['report', 'new', 'case', 'recovery', 'death', 'last', 'hour', 'total', 'case', 'total', 'recovery', 'death', 'toll', 'active', 'case']",1
1159,"Maharashtra: #Nagpur District reported 3679 new #COVID19 cases, 1594 recoveries, and 29 deaths in the last 24 hours, as per Civil Surgeon Nagpur,    Total cases: 1,89,466 Total recoveries: 1,57,249 Active cases: 27,625 Death toll: 4592",maharashtra district report new case recoveri death hour civil surgeon nagpur total case total recoveri activ case death toll ,"['#Nagpur', '#COVID19']",[],[],[],"['maharashtra', 'district', 'reported', 'new', 'cases', 'recoveries', 'and', 'deaths', 'in', 'last', 'hours', 'as', 'per', 'civil', 'surgeon', 'nagpur', 'total', 'cases', 'total', 'recoveries', 'active', 'cases', 'death', 'toll']","['maharashtra', 'district', 'reported', 'new', 'case', 'recovery', 'death', 'last', 'hour', 'per', 'civil', 'surgeon', 'nagpur', 'total', 'case', 'total', 'recovery', 'active', 'case', 'death', 'toll']",1
1160,"Karnataka reports 1,798 new #COVID19 cases, 1,030 recoveries, and seven deaths in the last 24 hours  Total cases: 9,68,487 Total recoveries: 9,43,208 Death toll: 12,432 Active cases: 12,828  https://t.co/jPAPxtsX5l",karnataka report new case recoveri seven death hour total case total recoveri death toll activ case ,['#COVID19'],[],['https://t.co/jPAPxtsX5l'],[],"['karnataka', 'reports', 'new', 'cases', 'recoveries', 'and', 'seven', 'deaths', 'in', 'last', 'hours', 'total', 'cases', 'total', 'recoveries', 'death', 'toll', 'active', 'cases']","['karnataka', 'report', 'new', 'case', 'recovery', 'seven', 'death', 'last', 'hour', 'total', 'case', 'total', 'recovery', 'death', 'toll', 'active', 'case']",1
1161,"Tamil Nadu reports 1,243 fresh COVID-19 cases, 634 discharges, and 8 deaths  Total cases: 8,65,693 Total discharges: 8,45,812 Active cases: 7,291 Death toll: 12,590  https://t.co/GVlVPkXLEe",tamil nadu report fresh covid case discharg death total case total discharg activ case death toll ,[],[],['https://t.co/GVlVPkXLEe'],[],"['tamil', 'nadu', 'reports', 'fresh', 'covid', 'cases', 'discharges', 'and', 'deaths', 'total', 'cases', 'total', 'discharges', 'active', 'cases', 'death', 'toll']","['tamil', 'nadu', 'report', 'fresh', 'covid', 'case', 'discharge', 'death', 'total', 'case', 'total', 'discharge', 'active', 'case', 'death', 'toll']",1
1162,"Punjab reports 2587 new #COVID19 cases, 1011 recoveries and 38 deaths in the last 24 hours.  Total cases 2,10,466 Total recoveries 1,87,198 Death toll 6,280  Active cases 16,988  https://t.co/vr2sdhAHCB",punjab report new case recoveri death hour total case total recoveri death toll activ case ,['#COVID19'],[],['https://t.co/vr2sdhAHCB'],[],"['punjab', 'reports', 'new', 'cases', 'recoveries', 'and', 'deaths', 'in', 'last', 'hours', 'total', 'cases', 'total', 'recoveries', 'death', 'toll', 'active', 'cases']","['punjab', 'report', 'new', 'case', 'recovery', 'death', 'last', 'hour', 'total', 'case', 'total', 'recovery', 'death', 'toll', 'active', 'case']",1
1163,"Madhya Pradesh reports 1380 new #COVID19 cases, 571 recoveries and 2 deaths in the last 24 hours.  Total cases 2,74,405 Total recoveries 2,63,158 Death toll 3903  Active cases 7344  https://t.co/fmSHnS0xmB",madhya pradesh report new case recoveri death hour total case total recoveri death toll activ case ,['#COVID19'],[],['https://t.co/fmSHnS0xmB'],[],"['madhya', 'pradesh', 'reports', 'new', 'cases', 'recoveries', 'and', 'deaths', 'in', 'last', 'hours', 'total', 'cases', 'total', 'recoveries', 'death', 'toll', 'active', 'cases']","['madhya', 'pradesh', 'report', 'new', 'case', 'recovery', 'death', 'last', 'hour', 'total', 'case', 'total', 'recovery', 'death', 'toll', 'active', 'case']",1
1164,"Maharashtra reports 27,126 new #COVID19 cases, 13,588 recoveries and 92 deaths in the last 24 hours.  Total cases 24,49,147 Total recoveries 22,03,553 Death toll 53,300  Active cases 1,91,006  https://t.co/I3O4S8AQhI",maharashtra report new case recoveri death hour total case total recoveri death toll activ case ,['#COVID19'],[],['https://t.co/I3O4S8AQhI'],[],"['maharashtra', 'reports', 'new', 'cases', 'recoveries', 'and', 'deaths', 'in', 'last', 'hours', 'total', 'cases', 'total', 'recoveries', 'death', 'toll', 'active', 'cases']","['maharashtra', 'report', 'new', 'case', 'recovery', 'death', 'last', 'hour', 'total', 'case', 'total', 'recovery', 'death', 'toll', 'active', 'case']",1
1165,"Haryana reports 821 new #COVID19 cases, 368 recoveries &amp; three deaths in the last 24 hours  Total cases: 2,78,961 Total recoveries: 2,71,038 Death toll: 3,093 Active cases: 4,830  https://t.co/0GCiWgwc5K",haryana report new case recoveri death hour total case total recoveri death toll activ case ,['#COVID19'],[],['https://t.co/0GCiWgwc5K'],[],"['haryana', 'reports', 'new', 'cases', 'recoveries', 'three', 'deaths', 'in', 'last', 'hours', 'total', 'cases', 'total', 'recoveries', 'death', 'toll', 'active', 'cases']","['haryana', 'report', 'new', 'case', 'recovery', 'three', 'death', 'last', 'hour', 'total', 'case', 'total', 'recovery', 'death', 'toll', 'active', 'case']",1
1166,"Jharkhand reported 123 new COVID-19 cases and 54 recoveries yesterday, as per State Health Department   Total cases: 1,21,178 Active cases: 722 Total recoveries: 1,19,361 Death toll: 1,095",jharkhand report new covid case recoveri yesterday state health depart total case activ case total recoveri death toll ,[],[],[],[],"['jharkhand', 'reported', 'new', 'covid', 'cases', 'and', 'recoveries', 'yesterday', 'as', 'per', 'state', 'health', 'department', 'total', 'cases', 'active', 'cases', 'total', 'recoveries', 'death', 'toll']","['jharkhand', 'reported', 'new', 'covid', 'case', 'recovery', 'yesterday', 'per', 'state', 'health', 'department', 'total', 'case', 'active', 'case', 'total', 'recovery', 'death', 'toll']",1
1173,"#Maharashtra reports 27,126 new #COVID19 cases and 92 deaths in the last 24 hours. Total number of cases rises to 24,49,147, death toll stands at 53,300",report new case death hour total number case rise death toll stand ,"['#Maharashtra', '#COVID19']",[],[],[],"['reports', 'new', 'cases', 'and', 'deaths', 'in', 'last', 'hours', 'total', 'number', 'of', 'cases', 'rises', 'to', 'death', 'toll', 'stands', 'at']","['report', 'new', 'case', 'death', 'last', 'hour', 'total', 'number', 'case', 'rise', 'death', 'toll', 'stand']",1
1265,"Covid-19 Lockdown 2021: Punjab reports 2,914 new cases, 59 deaths  https://t.co/18YK3oeQOP",covid lockdown punjab report new case death ,[],[],['https://t.co/18YK3oeQOP'],[],"['covid', 'lockdown', 'punjab', 'reports', 'new', 'cases', 'deaths']","['covid', 'lockdown', 'punjab', 'report', 'new', 'case', 'death']",1
1268,"#Pune district reports 4,961 COVID-19 cases; 31 fatalities push death toll to 4,961",district report covid case fatal push death toll ,['#Pune'],[],[],[],"['district', 'reports', 'covid', 'cases', 'fatalities', 'push', 'death', 'toll', 'to']","['district', 'report', 'covid', 'case', 'fatality', 'push', 'death', 'toll']",1
1294,"""Over 85% of new COVID-19 cases are from six states across India""   https://t.co/BlHN04jdQP",new covid case state india ,[],[],['https://t.co/BlHN04jdQP'],[],"['over', 'of', 'new', 'covid', 'cases', 'are', 'six', 'states', 'across', 'india']","['new', 'covid', 'case', 'six', 'state', 'across', 'india']",1
1379,Karnataka recorded 590 fresh #Covid_19 cases &amp; 6 deaths on Monday.  Bengaluru had 363 new  cases &amp; 4 deaths. Dharwad &amp; Tumakuru had 1 death each. Total tests: 66426 +vity rate 0.88%.  @ChitraSundaram7 @scooban @Amit_A_Tiwari @dr_asr @SunithaNahar @sun_usind,karnataka record fresh case death monday bengaluru new case death dharwad tumakuru death total test viti rate ,['#Covid_19'],"['@ChitraSundaram7', '@scooban', '@Amit_A_Tiwari', '@dr_asr', '@SunithaNahar', '@sun_usind']",[],[],"['karnataka', 'recorded', 'fresh', 'cases', 'deaths', 'on', 'monday', 'bengaluru', 'had', 'new', 'cases', 'deaths', 'dharwad', 'tumakuru', 'had', 'death', 'each', 'total', 'tests', 'vity', 'rate']","['karnataka', 'recorded', 'fresh', 'case', 'death', 'monday', 'bengaluru', 'new', 'case', 'death', 'dharwad', 'tumakuru', 'death', 'total', 'test', 'vity', 'rate']",1
1395,"#Pune reports 3,574 fresh COVID-19 cases, 1,577 recoveries, and 12 deaths in the last 24 hours   Active cases: 24,204 Total recoveries: 4,10,347 Death toll: 9,440  https://t.co/L1VXUqcfS3",report fresh covid case recoveri death hour activ case total recoveri death toll ,['#Pune'],[],['https://t.co/L1VXUqcfS3'],[],"['reports', 'fresh', 'covid', 'cases', 'recoveries', 'and', 'deaths', 'in', 'last', 'hours', 'active', 'cases', 'total', 'recoveries', 'death', 'toll']","['report', 'fresh', 'covid', 'case', 'recovery', 'death', 'last', 'hour', 'active', 'case', 'total', 'recovery', 'death', 'toll']",1
1404,"#MadhyaPradesh: Indore reports 309 fresh COVID-19 cases and 214 recoveries in the last 24 hours  Total cases: 63,510 Total recoveries: 60,606 Death toll: 944 Active cases: 1,960",indor report fresh covid case recoveri hour total case total recoveri death toll activ case ,['#MadhyaPradesh:'],[],[],[],"['indore', 'reports', 'fresh', 'covid', 'cases', 'and', 'recoveries', 'in', 'last', 'hours', 'total', 'cases', 'total', 'recoveries', 'death', 'toll', 'active', 'cases']","['indore', 'report', 'fresh', 'covid', 'case', 'recovery', 'last', 'hour', 'total', 'case', 'total', 'recovery', 'death', 'toll', 'active', 'case']",1
1406,"#Maharashtra: #Aurangabad reported 1,557 fresh COVID-19 cases and 15 deaths yesterday   Total cases in the district: 62,992 Total recoveries: 53,039 Death toll: 1,383 Total active cases: 8,570",report fresh covid case death yesterday total case district total recoveri death toll total activ case ,"['#Maharashtra:', '#Aurangabad']",[],[],[],"['reported', 'fresh', 'covid', 'cases', 'and', 'deaths', 'yesterday', 'total', 'cases', 'in', 'district', 'total', 'recoveries', 'death', 'toll', 'total', 'active', 'cases']","['reported', 'fresh', 'covid', 'case', 'death', 'yesterday', 'total', 'case', 'district', 'total', 'recovery', 'death', 'toll', 'total', 'active', 'case']",1
1420,"@Narendramodi_PM @PMOIndia @HMOIndia @AmitShah @digvijaya_28 @AmitShahOffice @NitishKumar @ArvindKejriwal @myogiadityanath @DrMohanBhagwat @narenderamodi_ @narendramodi @RSSorg @RSS_Org @KapilMishraAAP @arunjaitley @MamataOfficial @yadavtejashwi @yadavakhileshsp @GaurMalini @CMOMaharashtra @cmohry @CMOGuj @CMOUP_RC @CMORajsthan @Manekagandhibjp @GandhiSonia2013 @NarandraT @BJP4India @KailashOnline @ShatruganSinha @BeingSalmanKhan @SirPareshRawal @filmfare @akshaykumar @SUNILSHETTY @comindore @IndoreCollector @dmchhindwara @KamalNath_ @OfficeOfKNath @ashokgehlot51 @RahulGandhi @ChouhanShivraj @DGP_MP @hariips @ADG_INDORE_ZONE @naroo_mon @bhupendrasingho Madhya Pradesh: Indore reports 309 fresh COVID-19 cases and 214 recoveries in the last 24 hours  Total cases: 63,510 Total recoveries: 60,606 Death toll: 944 Active cases: 1,960  https://t.co/YwDnJDdV3A",madhya pradesh indor report fresh covid case recoveri hour total case total recoveri death toll activ case ,[],"['@Narendramodi_PM', '@PMOIndia', '@HMOIndia', '@AmitShah', '@digvijaya_28', '@AmitShahOffice', '@NitishKumar', '@ArvindKejriwal', '@myogiadityanath', '@DrMohanBhagwat', '@narenderamodi_', '@narendramodi', '@RSSorg', '@RSS_Org', '@KapilMishraAAP', '@arunjaitley', '@MamataOfficial', '@yadavtejashwi', '@yadavakhileshsp', '@GaurMalini', '@CMOMaharashtra', '@cmohry', '@CMOGuj', '@CMOUP_RC', '@CMORajsthan', '@Manekagandhibjp', '@GandhiSonia2013', '@NarandraT', '@BJP4India', '@KailashOnline', '@ShatruganSinha', '@BeingSalmanKhan', '@SirPareshRawal', '@filmfare', '@akshaykumar', '@SUNILSHETTY', '@comindore', '@IndoreCollector', '@dmchhindwara', '@KamalNath_', '@OfficeOfKNath', '@ashokgehlot51', '@RahulGandhi', '@ChouhanShivraj', '@DGP_MP', '@hariips', '@ADG_INDORE_ZONE', '@naroo_mon', '@bhupendrasingho']",['https://t.co/YwDnJDdV3A'],[],"['madhya', 'pradesh', 'indore', 'reports', 'fresh', 'covid', 'cases', 'and', 'recoveries', 'in', 'last', 'hours', 'total', 'cases', 'total', 'recoveries', 'death', 'toll', 'active', 'cases']","['madhya', 'pradesh', 'indore', 'report', 'fresh', 'covid', 'case', 'recovery', 'last', 'hour', 'total', 'case', 'total', 'recovery', 'death', 'toll', 'active', 'case']",1
1422,"Madhya Pradesh: Indore reports 309 fresh COVID-19 cases and 214 recoveries in the last 24 hours  Total cases: 63,510 Total recoveries: 60,606 Death toll: 944 Active cases: 1,960",madhya pradesh indor report fresh covid case recoveri hour total case total recoveri death toll activ case ,[],[],[],[],"['madhya', 'pradesh', 'indore', 'reports', 'fresh', 'covid', 'cases', 'and', 'recoveries', 'in', 'last', 'hours', 'total', 'cases', 'total', 'recoveries', 'death', 'toll', 'active', 'cases']","['madhya', 'pradesh', 'indore', 'report', 'fresh', 'covid', 'case', 'recovery', 'last', 'hour', 'total', 'case', 'total', 'recovery', 'death', 'toll', 'active', 'case']",1
1449,"Tamil Nadu reports 1,243 fresh COVID-19 cases, 634 discharges, and 8 deaths  Total cases: 8,65,693 Total discharges: 8,45,812 Active cases: 7,291 Death toll: 12,590  https://t.co/GVlVPkXLEe",tamil nadu report fresh covid case discharg death total case total discharg activ case death toll ,[],[],['https://t.co/GVlVPkXLEe'],[],"['tamil', 'nadu', 'reports', 'fresh', 'covid', 'cases', 'discharges', 'and', 'deaths', 'total', 'cases', 'total', 'discharges', 'active', 'cases', 'death', 'toll']","['tamil', 'nadu', 'report', 'fresh', 'covid', 'case', 'discharge', 'death', 'total', 'case', 'total', 'discharge', 'active', 'case', 'death', 'toll']",1
1450,"Jharkhand reported 123 new COVID-19 cases and 54 recoveries yesterday, as per State Health Department   Total cases: 1,21,178 Active cases: 722 Total recoveries: 1,19,361 Death toll: 1,095",jharkhand report new covid case recoveri yesterday state health depart total case activ case total recoveri death toll ,[],[],[],[],"['jharkhand', 'reported', 'new', 'covid', 'cases', 'and', 'recoveries', 'yesterday', 'as', 'per', 'state', 'health', 'department', 'total', 'cases', 'active', 'cases', 'total', 'recoveries', 'death', 'toll']","['jharkhand', 'reported', 'new', 'covid', 'case', 'recovery', 'yesterday', 'per', 'state', 'health', 'department', 'total', 'case', 'active', 'case', 'total', 'recovery', 'death', 'toll']",1
1474,"Out of 16820 COVID-19 tests carried out on 28 March  2021, 1027 new cases have been detected among 309 expatriate workers, 702 new cases are contacts of active cases, and 16 are travel related. There were 643 recoveries from COVID19, increasing total recoveries to 133098  https://t.co/MTNLeQRYsE",covid test carri march new case detect expatri worker new case contact activ case travel relat recoveri covid increas total recoveri ,[],[],['https://t.co/MTNLeQRYsE'],[],"['out', 'of', 'covid', 'tests', 'carried', 'out', 'on', 'march', 'new', 'cases', 'have', 'been', 'detected', 'among', 'expatriate', 'workers', 'new', 'cases', 'are', 'contacts', 'of', 'active', 'cases', 'and', 'are', 'travel', 'related', 'there', 'were', 'recoveries', 'covid', 'increasing', 'total', 'recoveries', 'to']","['covid', 'test', 'carried', 'march', 'new', 'case', 'detected', 'among', 'expatriate', 'worker', 'new', 'case', 'contact', 'active', 'case', 'travel', 'related', 'recovery', 'covid', 'increasing', 'total', 'recovery']",1
1530,"29.03.2021 InTamilNadu,nearly after 4 months daily #Covid_19 +ve cases exceeded 2000&amp;today stood at 2279. In Chennai it reached 815&amp;1460in other districts. Total cases inTN:881752;inChennai-245534  (27.5%).Discharged cases- 855085(97.9%);fatalities-  12684(1.4%)active cases 13983",intamilnadunearli month daili case exceed amptoday stood chennai reach ampin district total case intninchennai discharg case fatal activ case ,['#Covid_19'],[],[],[],"['intamilnadunearly', 'after', 'months', 'daily', 've', 'cases', 'exceeded', 'amptoday', 'stood', 'at', 'in', 'chennai', 'it', 'reached', 'ampin', 'other', 'districts', 'total', 'cases', 'intn', 'inchennai', 'discharged', 'cases', 'fatalities', 'active', 'cases']","['intamilnadunearly', 'month', 'daily', 've', 'case', 'exceeded', 'amptoday', 'stood', 'chennai', 'reached', 'ampin', 'district', 'total', 'case', 'intninchennai', 'discharged', 'case', 'fatality', 'active', 'case']",1
1569,"Haryana reported 555 new COVID-19 cases, 295 recoveries, and 4 deaths on March 17  Total cases: 2,76,635 Total recoveries: 2,69,812 Active cases: 3,740 Death toll: 3,083 Total vaccination in the state: 7,63,095  https://t.co/xzcaYCLdDu",haryana report new covid case recoveri death march total case total recoveri activ case death toll total vaccin state ,[],[],['https://t.co/xzcaYCLdDu'],[],"['haryana', 'reported', 'new', 'covid', 'cases', 'recoveries', 'and', 'deaths', 'on', 'march', 'total', 'cases', 'total', 'recoveries', 'active', 'cases', 'death', 'toll', 'total', 'vaccination', 'in', 'state']","['haryana', 'reported', 'new', 'covid', 'case', 'recovery', 'death', 'march', 'total', 'case', 'total', 'recovery', 'active', 'case', 'death', 'toll', 'total', 'vaccination', 'state']",1
1617,"#UttarPradesh reports 1,061 new #COVID19 cases, four fatalities. Infection tally rises to 6,12,351, death toll 8,783. Number of active cases in the state stands at 6,615.",report new case fatal infect talli rise death toll number activ case state stand ,"['#UttarPradesh', '#COVID19']",[],[],[],"['reports', 'new', 'cases', 'four', 'fatalities', 'infection', 'tally', 'rises', 'to', 'death', 'toll', 'number', 'of', 'active', 'cases', 'in', 'state', 'stands', 'at']","['report', 'new', 'case', 'four', 'fatality', 'infection', 'tally', 'rise', 'death', 'toll', 'number', 'active', 'case', 'state', 'stand']",1
1620,Assam in the last 24 hours reported 46 new Covid-19 cases - highest number of positive cases detected in the last five days  #AssamAssemblyPolls #COVID19,assam hour report new covid case highest number posit case detect day ,"['#AssamAssemblyPolls', '#COVID19']",[],[],[],"['assam', 'in', 'last', 'hours', 'reported', 'new', 'covid', 'cases', 'highest', 'number', 'of', 'positive', 'cases', 'detected', 'in', 'last', 'five', 'days']","['assam', 'last', 'hour', 'reported', 'new', 'covid', 'case', 'highest', 'number', 'positive', 'case', 'detected', 'last', 'five', 'day']",1
1637,"#Odisha reported 210 new #COVID19 cases, 73 recoveries and 1 death on March 26.   Total cases: 3,39,904 Total recoveries: 3,36,482 Active cases: 1,449 Total deaths: 1,920",report new case recoveri death march total case total recoveri activ case total death ,"['#Odisha', '#COVID19']",[],[],[],"['reported', 'new', 'cases', 'recoveries', 'and', 'death', 'on', 'march', 'total', 'cases', 'total', 'recoveries', 'active', 'cases', 'total', 'deaths']","['reported', 'new', 'case', 'recovery', 'death', 'march', 'total', 'case', 'total', 'recovery', 'active', 'case', 'total', 'death']",1
1638,"#AndhraPradesh reports 947 new #COVID19 cases, taking the total number of cases to 8,97,810.  https://t.co/veaKP7ruNH",report new case total number case ,"['#AndhraPradesh', '#COVID19']",[],['https://t.co/veaKP7ruNH'],[],"['reports', 'new', 'cases', 'taking', 'total', 'number', 'of', 'cases', 'to']","['report', 'new', 'case', 'taking', 'total', 'number', 'case']",1
1639,"Maharashtra: #Nagpur district reported 3688 new #COVID19 cases, 3227 recoveries, and 54 deaths in the last 24 hours, as per Civil Surgeon.   Total cases: 2,14,850 Total recoveries: 1,72,634 Active cases: 37,343 Death toll: 4873",maharashtra district report new case recoveri death hour civil surgeon total case total recoveri activ case death toll ,"['#Nagpur', '#COVID19']",[],[],[],"['maharashtra', 'district', 'reported', 'new', 'cases', 'recoveries', 'and', 'deaths', 'in', 'last', 'hours', 'as', 'per', 'civil', 'surgeon', 'total', 'cases', 'total', 'recoveries', 'active', 'cases', 'death', 'toll']","['maharashtra', 'district', 'reported', 'new', 'case', 'recovery', 'death', 'last', 'hour', 'per', 'civil', 'surgeon', 'total', 'case', 'total', 'recovery', 'active', 'case', 'death', 'toll']",1
1640,"#Delhi reports 1558 new #COVID19 cases, 974 recoveries and 10 deaths.  Total cases: 6,55,834 Total recoveries: 6,38,212 Total deaths: 10,997 Active cases: 6,625  https://t.co/dkLp5PBu5n",report new case recoveri death total case total recoveri total death activ case ,"['#Delhi', '#COVID19']",[],['https://t.co/dkLp5PBu5n'],[],"['reports', 'new', 'cases', 'recoveries', 'and', 'deaths', 'total', 'cases', 'total', 'recoveries', 'total', 'deaths', 'active', 'cases']","['report', 'new', 'case', 'recovery', 'death', 'total', 'case', 'total', 'recovery', 'total', 'death', 'active', 'case']",1
1641,"#Karnataka reports 2886 new #COVID19 cases, 1179 discharges and 08 deaths today.  Total cases 9,83,930 Total recoveries 9,50,167 Death toll 12,492  Active cases 21,252  https://t.co/BJ1ZjdL0eD",report new case discharg death today total case total recoveri death toll activ case ,"['#Karnataka', '#COVID19']",[],['https://t.co/BJ1ZjdL0eD'],[],"['reports', 'new', 'cases', 'discharges', 'and', 'deaths', 'today', 'total', 'cases', 'total', 'recoveries', 'death', 'toll', 'active', 'cases']","['report', 'new', 'case', 'discharge', 'death', 'today', 'total', 'case', 'total', 'recovery', 'death', 'toll', 'active', 'case']",1
1642,"257 new #COVID19 cases have been reported in #Uttarakhand today, taking the total number of cases to 99,515.  https://t.co/sXzoHxQvXI",new case report today total number case ,"['#COVID19', '#Uttarakhand']",[],['https://t.co/sXzoHxQvXI'],[],"['new', 'cases', 'have', 'been', 'reported', 'in', 'today', 'taking', 'total', 'number', 'of', 'cases', 'to']","['new', 'case', 'reported', 'today', 'taking', 'total', 'number', 'case']",1
1643,"2055 new #COVID19 cases have been reported in #Kerala today. Number of active cases now at 24,231; so far 10,86,669 patients have recovered.  https://t.co/V6TdrWfu6c",new case report today number activ case far patient recov ,"['#COVID19', '#Kerala']",[],['https://t.co/V6TdrWfu6c'],[],"['new', 'cases', 'have', 'been', 'reported', 'in', 'today', 'number', 'of', 'active', 'cases', 'now', 'at', 'so', 'far', 'patients', 'have', 'recovered']","['new', 'case', 'reported', 'today', 'number', 'active', 'case', 'far', 'patient', 'recovered']",1
1644,"#TamilNadu reports 1,971 new #COVID19 cases, 1,131 discharges and 9 deaths.   Total cases: 8,75,190 Total dishcarges: 8,51,222 Death toll: 12,650 Active cases: 11,318  https://t.co/AbBFha9hPY",report new case discharg death total case total dishcarg death toll activ case ,"['#TamilNadu', '#COVID19']",[],['https://t.co/AbBFha9hPY'],[],"['reports', 'new', 'cases', 'discharges', 'and', 'deaths', 'total', 'cases', 'total', 'dishcarges', 'death', 'toll', 'active', 'cases']","['report', 'new', 'case', 'discharge', 'death', 'total', 'case', 'total', 'dishcarges', 'death', 'toll', 'active', 'case']",1
1645,"#Punjab reports 2,820 fresh COVID-19 cases, 2,141 discharges, and 46 deaths  Total cases: 2,28,864 Total cured cases: 1,98,972 Active cases: 23,271 Death toll: 6,621  https://t.co/PiT2HXQ1O2",report fresh covid case discharg death total case total cure case activ case death toll ,['#Punjab'],[],['https://t.co/PiT2HXQ1O2'],[],"['reports', 'fresh', 'covid', 'cases', 'discharges', 'and', 'deaths', 'total', 'cases', 'total', 'cured', 'cases', 'active', 'cases', 'death', 'toll']","['report', 'fresh', 'covid', 'case', 'discharge', 'death', 'total', 'case', 'total', 'cured', 'case', 'active', 'case', 'death', 'toll']",1
1646,"#Mumbai reports 6123 new #COVID19 cases, taking the total number of cases to 3,91,751  https://t.co/SsqwicXAR3",report new case total number case ,"['#Mumbai', '#COVID19']",[],['https://t.co/SsqwicXAR3'],[],"['reports', 'new', 'cases', 'taking', 'total', 'number', 'of', 'cases', 'to']","['report', 'new', 'case', 'taking', 'total', 'number', 'case']",1
1647,"#Haryana reports 1,383 new #COVID19 cases, 761 recoveries and 7 deaths today.   Total cases 2,86,327 Total recoveries 2,74,785 Death toll 3,132  Active cases 8,410  https://t.co/U31PJOedJl",report new case recoveri death today total case total recoveri death toll activ case ,"['#Haryana', '#COVID19']",[],['https://t.co/U31PJOedJl'],[],"['reports', 'new', 'cases', 'recoveries', 'and', 'deaths', 'today', 'total', 'cases', 'total', 'recoveries', 'death', 'toll', 'active', 'cases']","['report', 'new', 'case', 'recovery', 'death', 'today', 'total', 'case', 'total', 'recovery', 'death', 'toll', 'active', 'case']",1
1648,"#MadhyaPradesh reports 2,142 new COVID19 cases, 1,175 recoveries and 10 deaths in the last 24 hours  Total cases 2,86,407 Total recoveries 2,69,465 Death toll 3,947  Active cases 12,995  https://t.co/Xe3Hz6YXwT",report new covid case recoveri death hour total case total recoveri death toll activ case ,['#MadhyaPradesh'],[],['https://t.co/Xe3Hz6YXwT'],[],"['reports', 'new', 'covid', 'cases', 'recoveries', 'and', 'deaths', 'in', 'last', 'hours', 'total', 'cases', 'total', 'recoveries', 'death', 'toll', 'active', 'cases']","['report', 'new', 'covid', 'case', 'recovery', 'death', 'last', 'hour', 'total', 'case', 'total', 'recovery', 'death', 'toll', 'active', 'case']",1
1857,"#Telangana - 163 new #COVID19 cases, 157 Recoveries &amp; 1 death reported in State till 8pm of 1st March. Now Total cases in state rises to 2,99,086 including 2,95,544 Cured/Recovered, 1907 Active Cases &amp;  1635 Fatalities - State Health Dept #coronavirus @News18MP @News18CG  https://t.co/KexblspU23",new case recoveri death report state till march total case state rise includ curedrecov activ case fatal state health dept ,"['#Telangana', '#COVID19', '#coronavirus']","['@News18MP', '@News18CG']",['https://t.co/KexblspU23'],[],"['new', 'cases', 'recoveries', 'death', 'reported', 'in', 'state', 'till', 'pm', 'of', 'st', 'march', 'now', 'total', 'cases', 'in', 'state', 'rises', 'to', 'including', 'cured/recovered', 'active', 'cases', 'fatalities', 'state', 'health', 'dept']","['new', 'case', 'recovery', 'death', 'reported', 'state', 'till', 'pm', 'st', 'march', 'total', 'case', 'state', 'rise', 'including', 'curedrecovered', 'active', 'case', 'fatality', 'state', 'health', 'dept']",1
1858,"#HimachalPradesh - 4 new #COVID19 +ve cases, 20 Discharges &amp; No Death reported in state today till 2pm.  Now Total cases in state rises to 58,781 including 57,367 Cured/ Discharged, 418 Active Cases &amp; 983 Deceased -State Health Dept  #coronavirus @News18MP @News18CG  https://t.co/S5TuoFwUOS",new case discharg death report state today till total case state rise includ cure discharg activ case deceas state health dept ,"['#HimachalPradesh', '#COVID19', '#coronavirus']","['@News18MP', '@News18CG']",['https://t.co/S5TuoFwUOS'],[],"['new', 've', 'cases', 'discharges', 'no', 'death', 'reported', 'in', 'state', 'today', 'till', 'pm', 'now', 'total', 'cases', 'in', 'state', 'rises', 'to', 'including', 'cured', 'discharged', 'active', 'cases', 'deceased', 'state', 'health', 'dept']","['new', 've', 'case', 'discharge', 'death', 'reported', 'state', 'today', 'till', 'pm', 'total', 'case', 'state', 'rise', 'including', 'cured', 'discharged', 'active', 'case', 'deceased', 'state', 'health', 'dept']",1
1898,"Four more coronavirus deaths report in Sri Lanka, total death count is now 493 #LKA #SriLanka #COVID19SL",coronaviru death report sri lanka total death count ,"['#LKA', '#SriLanka', '#COVID19SL']",[],[],[],"['four', 'more', 'coronavirus', 'deaths', 'report', 'in', 'sri', 'lanka', 'total', 'death', 'count', 'is', 'now']","['four', 'coronavirus', 'death', 'report', 'sri', 'lanka', 'total', 'death', 'count']",1
1925,"2,791 new #coronavirus cases in #Kerala, tally 10.76 lakh, active cases 42,819; toll 4,287 with 16 more deaths: Health Minister K K Shailaja",new case talli lakh activ case toll death health minist shailaja ,"['#coronavirus', '#Kerala,']",[],[],[],"['new', 'cases', 'in', 'tally', 'lakh', 'active', 'cases', 'toll', 'with', 'more', 'deaths', 'health', 'minister', 'k', 'k', 'shailaja']","['new', 'case', 'tally', 'lakh', 'active', 'case', 'toll', 'death', 'health', 'minister', 'k', 'k', 'shailaja']",1
1937,"Pakistan reports 1,714 new coronavirus cases, 38 deaths  https://t.co/q3R4OJylSX‚Ä¶  https://t.co/uZ8FcxzHAh",pakistan report new coronaviru case death ,[],[],"['https://t.co/q3R4OJylSX‚Ä¶', 'https://t.co/uZ8FcxzHAh']",[],"['pakistan', 'reports', 'new', 'coronavirus', 'cases', 'deaths']","['pakistan', 'report', 'new', 'coronavirus', 'case', 'death']",1
1991,"Coronavirus: 24,882 fresh COVID-19 cases in India, nearly 7% higher than yesterday; 1.13 crore total cases, 1,58,446 deaths   https://t.co/oDTTrXIPcZ",coronaviru fresh covid case india nearli higher yesterday crore total case death ,[],[],['https://t.co/oDTTrXIPcZ'],[],"['coronavirus', 'fresh', 'covid', 'cases', 'in', 'india', 'nearly', 'higher', 'than', 'yesterday', 'crore', 'total', 'cases', 'deaths']","['coronavirus', 'fresh', 'covid', 'case', 'india', 'nearly', 'higher', 'yesterday', 'crore', 'total', 'case', 'death']",1
1996,"17,864 new coronavirus cases detected in Maharashtra today, 87 deaths reported  https://t.co/S0OiwBeVDk #Nifty #Sipgrab #UnitingPeopleWithThePossibilities",new coronaviru case detect maharashtra today death report ,"['#Nifty', '#Sipgrab', '#UnitingPeopleWithThePossibilities']",[],['https://t.co/S0OiwBeVDk'],[],"['new', 'coronavirus', 'cases', 'detected', 'in', 'maharashtra', 'today', 'deaths', 'reported']","['new', 'coronavirus', 'case', 'detected', 'maharashtra', 'today', 'death', 'reported']",1
2081,"India Reports 40,953 New COVID Cases Highest Of 2021 @MoHFW_INDIA  #CoronaVirusUpdates #covid19cases #vaccinationdrive #coronavirus #COVID19India   https://t.co/ZmC6v1K6mG",india report new covid case highest ,"['#CoronaVirusUpdates', '#covid19cases', '#vaccinationdrive', '#coronavirus', '#COVID19India']",['@MoHFW_INDIA'],['https://t.co/ZmC6v1K6mG'],[],"['india', 'reports', 'new', 'covid', 'cases', 'highest', 'of']","['india', 'report', 'new', 'covid', 'case', 'highest']",1
2085,"Coronavirus News Live Updates: Delhi reports 823 new COVID-19 cases, 1 death in past 24 hours  https://t.co/QsXQxefgvB #Nifty #Sipgrab #UnitingPeopleWithThePossibilities",coronaviru news live updat delhi report new covid case death past hour ,"['#Nifty', '#Sipgrab', '#UnitingPeopleWithThePossibilities']",[],['https://t.co/QsXQxefgvB'],[],"['coronavirus', 'news', 'live', 'updates', 'delhi', 'reports', 'new', 'covid', 'cases', 'death', 'in', 'past', 'hours']","['coronavirus', 'news', 'live', 'update', 'delhi', 'report', 'new', 'covid', 'case', 'death', 'past', 'hour']",1
2098,"#Updated | #India reports 47,009 new cases of #Coronavirus and 213 related deaths, highest cases reported in a single day this year: COVID19org",report new case relat death highest case report singl day year covidorg ,"['#Updated', '#India', '#Coronavirus']",[],[],[],"['reports', 'new', 'cases', 'of', 'and', 'related', 'deaths', 'highest', 'cases', 'reported', 'in', 'a', 'single', 'day', 'this', 'year', 'covidorg']","['report', 'new', 'case', 'related', 'death', 'highest', 'case', 'reported', 'single', 'day', 'year', 'covidorg']",1
2166,"*FLASH*   India reports 43,810 new cases of Coronavirus and 190 related deaths, highest cases reported in a single day this year",flash india report new case coronaviru relat death highest case report singl day year ,[],[],[],[],"['flash', 'india', 'reports', 'new', 'cases', 'of', 'coronavirus', 'and', 'related', 'deaths', 'highest', 'cases', 'reported', 'in', 'a', 'single', 'day', 'this', 'year']","['flash', 'india', 'report', 'new', 'case', 'coronavirus', 'related', 'death', 'highest', 'case', 'reported', 'single', 'day', 'year']",1
2179,"Mumbai News Live: City reports 5,185 new coronavirus cases, six deaths - The Times of India  https://t.co/tMIjIEog1r",mumbai news live citi report new coronaviru case death time india ,[],[],['https://t.co/tMIjIEog1r'],[],"['mumbai', 'news', 'live', 'city', 'reports', 'new', 'coronavirus', 'cases', 'six', 'deaths', 'times', 'of', 'india']","['mumbai', 'news', 'live', 'city', 'report', 'new', 'coronavirus', 'case', 'six', 'death', 'time', 'india']",1
2185,"Highest one-day rise of 1,790 new coronavirus cases in #Gujarat, tally 2.92 lakh; toll 4,466 with 8 more deaths: Health Dept",highest oneday rise new coronaviru case talli lakh toll death health dept ,"['#Gujarat,']",[],[],[],"['highest', 'oneday', 'rise', 'of', 'new', 'coronavirus', 'cases', 'in', 'tally', 'lakh', 'toll', 'with', 'more', 'deaths', 'health', 'dept']","['highest', 'oneday', 'rise', 'new', 'coronavirus', 'case', 'tally', 'lakh', 'toll', 'death', 'health', 'dept']",1
2306,"West Bengal reports 639 new COVID-19 cases, Kolkata has 225 new cases",west bengal report new covid case kolkata new case ,[],[],[],[],"['west', 'bengal', 'reports', 'new', 'covid', 'cases', 'kolkata', 'has', 'new', 'cases']","['west', 'bengal', 'report', 'new', 'covid', 'case', 'kolkata', 'new', 'case']",1
2416,"West Bengal reports 639 new COVID-19 cases, Kolkata has 225 new cases",west bengal report new covid case kolkata new case ,[],[],[],[],"['west', 'bengal', 'reports', 'new', 'covid', 'cases', 'kolkata', 'has', 'new', 'cases']","['west', 'bengal', 'report', 'new', 'covid', 'case', 'kolkata', 'new', 'case']",1
